{
  "macro_precision": 0.05555555555555555,
  "macro_recall": 0.037037037037037035,
  "macro_f1": 0.044444444444444446,
  "macro_accuracy": 0.8222222222222222,
  "macro_absent_accuracy": 1.0
}