{
  "macro_precision": 0.1111111111111111,
  "macro_recall": 0.037037037037037035,
  "macro_f1": 0.05555555555555555,
  "macro_accuracy": 0.9555555555555555,
  "macro_absent_accuracy": 1.0
}