{
  "macro_precision": 0.1111111111111111,
  "macro_recall": 0.08333333333333333,
  "macro_f1": 0.09523809523809523,
  "macro_accuracy": 0.8888888888888888,
  "macro_absent_accuracy": 1.0
}