{"0": {"precision": 0.7085201793721974, "recall": 0.8102564102564103, "f1": 0.7559808612440192}, "1": {"precision": 0.7269372693726938, "recall": 0.9752475247524752, "f1": 0.8329809725158562}, "2": {"precision": 0.8815165876777251, "recall": 0.9393939393939394, "f1": 0.9095354523227384}, "3": {"precision": 0.6700680272108843, "recall": 0.9425837320574163, "f1": 0.7833001988071571}, "4": {"precision": 0.8565737051792829, "recall": 0.9907834101382489, "f1": 0.9188034188034189}, "5": {"precision": 0.5910290237467019, "recall": 1.0, "f1": 0.7429519071310117}, "6": {"precision": 0.8265895953757225, "recall": 0.7566137566137566, "f1": 0.7900552486187846}, "7": {"precision": 0.9086538461538461, "recall": 0.9402985074626866, "f1": 0.9242053789731052}, "8": {"precision": 0.6131386861313869, "recall": 0.8888888888888888, "f1": 0.7257019438444924}, "9": {"precision": 0.9104477611940298, "recall": 0.9289340101522843, "f1": 0.9195979899497488}, "10": {"precision": 1.0, "recall": 1.0, "f1": 1.0}}