{
  "per_label": {
    "0": {
      "1": {
        "precision": 0.0,
        "recall": 0.0,
        "f1": 0.0,
        "tp": 0,
        "fp": 0,
        "fn": 0,
        "tn": 3
      },
      "-1": {
        "precision": 0.0,
        "recall": 0.0,
        "f1": 0.0,
        "tp": 0,
        "fp": 0,
        "fn": 0,
        "tn": 3
      },
      "0": {
        "precision": 1.0,
        "recall": 1.0,
        "f1": 1.0,
        "tp": 3,
        "fp": 0,
        "fn": 0,
        "tn": 0
      },
      "macro": {
        "precision": 0.3333333333333333,
        "recall": 0.3333333333333333,
        "f1": 0.3333333333333333
      }
    },
    "1": {
      "1": {
        "precision": 0.0,
        "recall": 0.0,
        "f1": 0.0,
        "tp": 0,
        "fp": 0,
        "fn": 0,
        "tn": 3
      },
      "-1": {
        "precision": 0.0,
        "recall": 0.0,
        "f1": 0.0,
        "tp": 0,
        "fp": 0,
        "fn": 0,
        "tn": 3
      },
      "0": {
        "precision": 1.0,
        "recall": 1.0,
        "f1": 1.0,
        "tp": 3,
        "fp": 0,
        "fn": 0,
        "tn": 0
      },
      "macro": {
        "precision": 0.3333333333333333,
        "recall": 0.3333333333333333,
        "f1": 0.3333333333333333
      }
    },
    "2": {
      "1": {
        "precision": 0.0,
        "recall": 0.0,
        "f1": 0.0,
        "tp": 0,
        "fp": 0,
        "fn": 0,
        "tn": 3
      },
      "-1": {
        "precision": 0.0,
        "recall": 0.0,
        "f1": 0.0,
        "tp": 0,
        "fp": 0,
        "fn": 0,
        "tn": 3
      },
      "0": {
        "precision": 1.0,
        "recall": 1.0,
        "f1": 1.0,
        "tp": 3,
        "fp": 0,
        "fn": 0,
        "tn": 0
      },
      "macro": {
        "precision": 0.3333333333333333,
        "recall": 0.3333333333333333,
        "f1": 0.3333333333333333
      }
    },
    "3": {
      "1": {
        "precision": 0.0,
        "recall": 0.0,
        "f1": 0.0,
        "tp": 0,
        "fp": 0,
        "fn": 1,
        "tn": 2
      },
      "-1": {
        "precision": 0.0,
        "recall": 0.0,
        "f1": 0.0,
        "tp": 0,
        "fp": 0,
        "fn": 0,
        "tn": 3
      },
      "0": {
        "precision": 0.6666666666666666,
        "recall": 1.0,
        "f1": 0.8,
        "tp": 2,
        "fp": 1,
        "fn": 0,
        "tn": 0
      },
      "macro": {
        "precision": 0.2222222222222222,
        "recall": 0.3333333333333333,
        "f1": 0.26666666666666666
      }
    },
    "4": {
      "1": {
        "precision": 0.0,
        "recall": 0.0,
        "f1": 0.0,
        "tp": 0,
        "fp": 0,
        "fn": 0,
        "tn": 3
      },
      "-1": {
        "precision": 0.0,
        "recall": 0.0,
        "f1": 0.0,
        "tp": 0,
        "fp": 0,
        "fn": 0,
        "tn": 3
      },
      "0": {
        "precision": 1.0,
        "recall": 1.0,
        "f1": 1.0,
        "tp": 3,
        "fp": 0,
        "fn": 0,
        "tn": 0
      },
      "macro": {
        "precision": 0.3333333333333333,
        "recall": 0.3333333333333333,
        "f1": 0.3333333333333333
      }
    },
    "5": {
      "1": {
        "precision": 0.0,
        "recall": 0.0,
        "f1": 0.0,
        "tp": 0,
        "fp": 0,
        "fn": 0,
        "tn": 3
      },
      "-1": {
        "precision": 0.0,
        "recall": 0.0,
        "f1": 0.0,
        "tp": 0,
        "fp": 0,
        "fn": 0,
        "tn": 3
      },
      "0": {
        "precision": 1.0,
        "recall": 1.0,
        "f1": 1.0,
        "tp": 3,
        "fp": 0,
        "fn": 0,
        "tn": 0
      },
      "macro": {
        "precision": 0.3333333333333333,
        "recall": 0.3333333333333333,
        "f1": 0.3333333333333333
      }
    },
    "6": {
      "1": {
        "precision": 0.0,
        "recall": 0.0,
        "f1": 0.0,
        "tp": 0,
        "fp": 0,
        "fn": 0,
        "tn": 3
      },
      "-1": {
        "precision": 0.0,
        "recall": 0.0,
        "f1": 0.0,
        "tp": 0,
        "fp": 0,
        "fn": 0,
        "tn": 3
      },
      "0": {
        "precision": 1.0,
        "recall": 1.0,
        "f1": 1.0,
        "tp": 3,
        "fp": 0,
        "fn": 0,
        "tn": 0
      },
      "macro": {
        "precision": 0.3333333333333333,
        "recall": 0.3333333333333333,
        "f1": 0.3333333333333333
      }
    },
    "7": {
      "1": {
        "precision": 0.0,
        "recall": 0.0,
        "f1": 0.0,
        "tp": 0,
        "fp": 0,
        "fn": 0,
        "tn": 3
      },
      "-1": {
        "precision": 0.0,
        "recall": 0.0,
        "f1": 0.0,
        "tp": 0,
        "fp": 0,
        "fn": 0,
        "tn": 3
      },
      "0": {
        "precision": 1.0,
        "recall": 1.0,
        "f1": 1.0,
        "tp": 3,
        "fp": 0,
        "fn": 0,
        "tn": 0
      },
      "macro": {
        "precision": 0.3333333333333333,
        "recall": 0.3333333333333333,
        "f1": 0.3333333333333333
      }
    },
    "8": {
      "1": {
        "precision": 0.0,
        "recall": 0.0,
        "f1": 0.0,
        "tp": 0,
        "fp": 0,
        "fn": 0,
        "tn": 3
      },
      "-1": {
        "precision": 0.0,
        "recall": 0.0,
        "f1": 0.0,
        "tp": 0,
        "fp": 0,
        "fn": 0,
        "tn": 3
      },
      "0": {
        "precision": 1.0,
        "recall": 1.0,
        "f1": 1.0,
        "tp": 3,
        "fp": 0,
        "fn": 0,
        "tn": 0
      },
      "macro": {
        "precision": 0.3333333333333333,
        "recall": 0.3333333333333333,
        "f1": 0.3333333333333333
      }
    }
  },
  "global_macro": {
    "macro_precision": 0.32098765432098764,
    "macro_recall": 0.3333333333333333,
    "macro_f1": 0.32592592592592595
  }
}