{"per_label": {0: {1: {"precision": 0.5, "recall": 1.0, "f1": 0.6666666666666666, "tp": 2, "fp": 2, "fn": 0, "tn": 46}, -1: {"precision": 0.5, "recall": 0.2857142857142857, "f1": 0.36363636363636365, "tp": 2, "fp": 2, "fn": 5, "tn": 41}, 0: {"precision": 0.9047619047619048, "recall": 0.926829268292683, "f1": 0.9156626506024096, "tp": 38, "fp": 4, "fn": 3, "tn": 5}, "macro": {"precision": 0.6349206349206349, "recall": 0.7375145180023228, "f1": 0.6486552269684799}}, 1: {1: {"precision": 0.3333333333333333, "recall": 0.1111111111111111, "f1": 0.16666666666666666, "tp": 1, "fp": 2, "fn": 8, "tn": 39}, -1: {"precision": 0.3333333333333333, "recall": 0.5, "f1": 0.4, "tp": 1, "fp": 2, "fn": 1, "tn": 46}, 0: {"precision": 0.7954545454545454, "recall": 0.8974358974358975, "f1": 0.8433734939759037, "tp": 35, "fp": 9, "fn": 4, "tn": 2}, "macro": {"precision": 0.4873737373737373, "recall": 0.5028490028490028, "f1": 0.47001338688085675}}, 2: {1: {"precision": 0.0, "recall": 0.0, "f1": 0.0, "tp": 0, "fp": 1, "fn": 1, "tn": 48}, -1: {"precision": 0.0, "recall": 0.0, "f1": 0.0, "tp": 0, "fp": 2, "fn": 0, "tn": 48}, 0: {"precision": 0.9787234042553191, "recall": 0.9387755102040817, "f1": 0.9583333333333333, "tp": 46, "fp": 1, "fn": 3, "tn": 0}, "macro": {"precision": 0.326241134751773, "recall": 0.3129251700680272, "f1": 0.3194444444444444}}, 3: {1: {"precision": 0.6666666666666666, "recall": 0.3333333333333333, "f1": 0.4444444444444444, "tp": 4, "fp": 2, "fn": 8, "tn": 36}, -1: {"precision": 0.0, "recall": 0.0, "f1": 0.0, "tp": 0, "fp": 1, "fn": 6, "tn": 43}, 0: {"precision": 0.7441860465116279, "recall": 1.0, "f1": 0.8533333333333333, "tp": 32, "fp": 11, "fn": 0, "tn": 7}, "macro": {"precision": 0.4702842377260981, "recall": 0.4444444444444444, "f1": 0.4325925925925926}}, 4: {1: {"precision": 0.6, "recall": 0.375, "f1": 0.4615384615384615, "tp": 3, "fp": 2, "fn": 5, "tn": 40}, -1: {"precision": 1.0, "recall": 0.5, "f1": 0.6666666666666666, "tp": 1, "fp": 0, "fn": 1, "tn": 48}, 0: {"precision": 0.8636363636363636, "recall": 0.95, "f1": 0.9047619047619048, "tp": 38, "fp": 6, "fn": 2, "tn": 4}, "macro": {"precision": 0.8212121212121213, "recall": 0.6083333333333333, "f1": 0.6776556776556776}}, 5: {1: {"precision": 0.0, "recall": 0.0, "f1": 0.0, "tp": 0, "fp": 1, "fn": 3, "tn": 46}, -1: {"precision": 0.0, "recall": 0.0, "f1": 0.0, "tp": 0, "fp": 2, "fn": 0, "tn": 48}, 0: {"precision": 0.9361702127659575, "recall": 0.9361702127659575, "f1": 0.9361702127659575, "tp": 44, "fp": 3, "fn": 3, "tn": 0}, "macro": {"precision": 0.3120567375886525, "recall": 0.3120567375886525, "f1": 0.3120567375886525}}, 6: {1: {"precision": 0.6666666666666666, "recall": 1.0, "f1": 0.8, "tp": 2, "fp": 1, "fn": 0, "tn": 47}, -1: {"precision": 0.0, "recall": 0.0, "f1": 0.0, "tp": 0, "fp": 2, "fn": 0, "tn": 48}, 0: {"precision": 1.0, "recall": 0.9375, "f1": 0.967741935483871, "tp": 45, "fp": 0, "fn": 3, "tn": 2}, "macro": {"precision": 0.5555555555555555, "recall": 0.6458333333333334, "f1": 0.589247311827957}}, 7: {1: {"precision": 0.0, "recall": 0.0, "f1": 0.0, "tp": 0, "fp": 2, "fn": 3, "tn": 45}, -1: {"precision": 0.0, "recall": 0.0, "f1": 0.0, "tp": 0, "fp": 1, "fn": 1, "tn": 48}, 0: {"precision": 0.9148936170212766, "recall": 0.9347826086956522, "f1": 0.924731182795699, "tp": 43, "fp": 4, "fn": 3, "tn": 0}, "macro": {"precision": 0.3049645390070922, "recall": 0.3115942028985507, "f1": 0.30824372759856633}}, 8: {1: {"precision": 0.0, "recall": 0.0, "f1": 0.0, "tp": 0, "fp": 1, "fn": 5, "tn": 44}, -1: {"precision": 1.0, "recall": 0.3333333333333333, "f1": 0.5, "tp": 2, "fp": 0, "fn": 4, "tn": 44}, 0: {"precision": 0.8085106382978723, "recall": 0.9743589743589743, "f1": 0.8837209302325582, "tp": 38, "fp": 9, "fn": 1, "tn": 2}, "macro": {"precision": 0.6028368794326241, "recall": 0.4358974358974359, "f1": 0.46124031007751937}}}, "global_macro": {"macro_precision": 0.5017161752853654, "macro_recall": 0.47904979760167815, "macro_f1": 0.468794379514972}}
