{
  "presence_per_label": {
    "0": {
      "precision": 0.5,
      "recall": 0.011695906432748537,
      "f1": 0.022857142857142857,
      "tp": 4,
      "fp": 4,
      "fn": 338,
      "tn": 2956
    },
    "1": {
      "precision": 0.0,
      "recall": 0.0,
      "f1": 0.0,
      "tp": 0,
      "fp": 1,
      "fn": 306,
      "tn": 2995
    },
    "2": {
      "precision": 0.16666666666666666,
      "recall": 0.007874015748031496,
      "f1": 0.015037593984962405,
      "tp": 1,
      "fp": 5,
      "fn": 126,
      "tn": 3170
    },
    "3": {
      "precision": 0.8,
      "recall": 0.006914433880726016,
      "f1": 0.013710368466152529,
      "tp": 8,
      "fp": 2,
      "fn": 1149,
      "tn": 2143
    },
    "4": {
      "precision": 0.75,
      "recall": 0.007194244604316547,
      "f1": 0.014251781472684088,
      "tp": 3,
      "fp": 1,
      "fn": 414,
      "tn": 2884
    },
    "5": {
      "precision": 0.0,
      "recall": 0.0,
      "f1": 0.0,
      "tp": 0,
      "fp": 1,
      "fn": 137,
      "tn": 3164
    },
    "6": {
      "precision": 0.5,
      "recall": 0.015625,
      "f1": 0.030303030303030304,
      "tp": 1,
      "fp": 1,
      "fn": 63,
      "tn": 3237
    },
    "7": {
      "precision": 0.0,
      "recall": 0.0,
      "f1": 0.0,
      "tp": 0,
      "fp": 1,
      "fn": 385,
      "tn": 2916
    },
    "8": {
      "precision": 0.5,
      "recall": 0.002320185614849188,
      "f1": 0.004618937644341801,
      "tp": 1,
      "fp": 1,
      "fn": 430,
      "tn": 2870
    }
  },
  "stance_per_label": {
    "0": {
      "class_1": {
        "precision": 1.0,
        "recall": 0.018867924528301886,
        "f1": 0.037037037037037035
      },
      "class_-1": {
        "precision": 1.0,
        "recall": 0.00847457627118644,
        "f1": 0.01680672268907563
      },
      "macro": {
        "precision": 1.0,
        "recall": 0.013671250399744164,
        "f1": 0.02692187986305633
      }
    },
    "1": {
      "class_1": {
        "precision": 0.0,
        "recall": 0.0,
        "f1": 0.0
      },
      "class_-1": {
        "precision": 0.0,
        "recall": 0.0,
        "f1": 0.0
      },
      "macro": {
        "precision": 0.0,
        "recall": 0.0,
        "f1": 0.0
      }
    },
    "2": {
      "class_1": {
        "precision": 1.0,
        "recall": 0.011363636363636364,
        "f1": 0.02247191011235955
      },
      "class_-1": {
        "precision": 0.0,
        "recall": 0.0,
        "f1": 0.0
      },
      "macro": {
        "precision": 0.5,
        "recall": 0.005681818181818182,
        "f1": 0.011235955056179775
      }
    },
    "3": {
      "class_1": {
        "precision": 1.0,
        "recall": 0.007434944237918215,
        "f1": 0.014760147601476014
      },
      "class_-1": {
        "precision": 0.0,
        "recall": 0.0,
        "f1": 0.0
      },
      "macro": {
        "precision": 0.5,
        "recall": 0.0037174721189591076,
        "f1": 0.007380073800738007
      }
    },
    "4": {
      "class_1": {
        "precision": 1.0,
        "recall": 0.005865102639296188,
        "f1": 0.011661807580174927
      },
      "class_-1": {
        "precision": 0.0,
        "recall": 0.0,
        "f1": 0.0
      },
      "macro": {
        "precision": 0.5,
        "recall": 0.002932551319648094,
        "f1": 0.0058309037900874635
      }
    },
    "5": {
      "class_1": {
        "precision": 0.0,
        "recall": 0.0,
        "f1": 0.0
      },
      "class_-1": {
        "precision": 0.0,
        "recall": 0.0,
        "f1": 0.0
      },
      "macro": {
        "precision": 0.0,
        "recall": 0.0,
        "f1": 0.0
      }
    },
    "6": {
      "class_1": {
        "precision": 0.0,
        "recall": 0.0,
        "f1": 0.0
      },
      "class_-1": {
        "precision": 0.0,
        "recall": 0.0,
        "f1": 0.0
      },
      "macro": {
        "precision": 0.0,
        "recall": 0.0,
        "f1": 0.0
      }
    },
    "7": {
      "class_1": {
        "precision": 0.0,
        "recall": 0.0,
        "f1": 0.0
      },
      "class_-1": {
        "precision": 0.0,
        "recall": 0.0,
        "f1": 0.0
      },
      "macro": {
        "precision": 0.0,
        "recall": 0.0,
        "f1": 0.0
      }
    },
    "8": {
      "class_1": {
        "precision": 0.0,
        "recall": 0.0,
        "f1": 0.0
      },
      "class_-1": {
        "precision": 1.0,
        "recall": 0.0038910505836575876,
        "f1": 0.007751937984496124
      },
      "macro": {
        "precision": 0.5,
        "recall": 0.0019455252918287938,
        "f1": 0.003875968992248062
      }
    }
  },
  "macro_averages": {
    "presence": {
      "precision": 0.3574074074074074,
      "recall": 0.005735976253407975,
      "f1": 0.01119765052536822
    },
    "stance": {
      "precision": 0.3333333333333333,
      "recall": 0.0031054019235553713,
      "f1": 0.006138309055812182
    }
  },
  "overall_totals": {
    "total_tp": 18,
    "total_fp": 17,
    "total_tn": 26335,
    "total_fn": 3348,
    "total_instances": 29718,
    "overall_accuracy": 0.8867689615721112
  }
}