{
  "presence_per_label": {
    "0": {
      "precision": 0.5574712643678161,
      "recall": 0.8434782608695652,
      "f1": 0.6712802768166091,
      "tp": 194,
      "fp": 154,
      "fn": 36,
      "tn": 2759,
      "accuracy": 0.9395482023544385,
      "correct": 2953,
      "total_instances": 3143
    },
    "1": {
      "precision": 0.3880597014925373,
      "recall": 0.6046511627906976,
      "f1": 0.4727272727272727,
      "tp": 156,
      "fp": 246,
      "fn": 102,
      "tn": 2639,
      "accuracy": 0.8892777601018136,
      "correct": 2795,
      "total_instances": 3143
    },
    "2": {
      "precision": 0.10115606936416185,
      "recall": 0.7777777777777778,
      "f1": 0.17902813299232737,
      "tp": 70,
      "fp": 622,
      "fn": 20,
      "tn": 2431,
      "accuracy": 0.7957365574292078,
      "correct": 2501,
      "total_instances": 3143
    },
    "3": {
      "precision": 0.7411924119241192,
      "recall": 0.5214489990467112,
      "f1": 0.6121992165640738,
      "tp": 547,
      "fp": 191,
      "fn": 502,
      "tn": 1903,
      "accuracy": 0.779510022271715,
      "correct": 2450,
      "total_instances": 3143
    },
    "4": {
      "precision": 0.5148514851485149,
      "recall": 0.7761194029850746,
      "f1": 0.6190476190476191,
      "tp": 260,
      "fp": 245,
      "fn": 75,
      "tn": 2563,
      "accuracy": 0.8981864460706331,
      "correct": 2823,
      "total_instances": 3143
    },
    "5": {
      "precision": 0.12403100775193798,
      "recall": 0.40336134453781514,
      "f1": 0.18972332015810275,
      "tp": 48,
      "fp": 339,
      "fn": 71,
      "tn": 2685,
      "accuracy": 0.8695513840279987,
      "correct": 2733,
      "total_instances": 3143
    },
    "6": {
      "precision": 0.2564102564102564,
      "recall": 0.9090909090909091,
      "f1": 0.3999999999999999,
      "tp": 50,
      "fp": 145,
      "fn": 5,
      "tn": 2943,
      "accuracy": 0.9522748965956093,
      "correct": 2993,
      "total_instances": 3143
    },
    "7": {
      "precision": 0.3318777292576419,
      "recall": 0.4470588235294118,
      "f1": 0.38095238095238093,
      "tp": 152,
      "fp": 306,
      "fn": 188,
      "tn": 2497,
      "accuracy": 0.8428253261215399,
      "correct": 2649,
      "total_instances": 3143
    },
    "8": {
      "precision": 0.3714759535655058,
      "recall": 0.6473988439306358,
      "f1": 0.4720758693361433,
      "tp": 224,
      "fp": 379,
      "fn": 122,
      "tn": 2418,
      "accuracy": 0.8405981546293351,
      "correct": 2642,
      "total_instances": 3143
    }
  },
  "stance_per_label": {
    "0": {
      "precision": 0.24774774774774774,
      "recall": 0.9016393442622951,
      "f1": 0.38869257950530034,
      "tp": 55,
      "fp": 167,
      "fn": 6,
      "tn": 2,
      "accuracy": 0.24782608695652175,
      "correct": 57,
      "total_instances": 230
    },
    "1": {
      "precision": 1.0,
      "recall": 0.503968253968254,
      "f1": 0.6701846965699209,
      "tp": 127,
      "fp": 0,
      "fn": 125,
      "tn": 6,
      "accuracy": 0.5155038759689923,
      "correct": 133,
      "total_instances": 258
    },
    "2": {
      "precision": 0.7205882352941176,
      "recall": 0.7777777777777778,
      "f1": 0.7480916030534351,
      "tp": 49,
      "fp": 19,
      "fn": 14,
      "tn": 8,
      "accuracy": 0.6333333333333333,
      "correct": 57,
      "total_instances": 90
    },
    "3": {
      "precision": 0.8895027624309392,
      "recall": 0.491353001017294,
      "f1": 0.6330275229357798,
      "tp": 483,
      "fp": 60,
      "fn": 500,
      "tn": 6,
      "accuracy": 0.4661582459485224,
      "correct": 489,
      "total_instances": 1049
    },
    "4": {
      "precision": 0.8024691358024691,
      "recall": 0.7116788321167883,
      "f1": 0.7543520309477756,
      "tp": 195,
      "fp": 48,
      "fn": 79,
      "tn": 13,
      "accuracy": 0.6208955223880597,
      "correct": 208,
      "total_instances": 335
    },
    "5": {
      "precision": 0.625,
      "recall": 0.3191489361702128,
      "f1": 0.4225352112676056,
      "tp": 30,
      "fp": 18,
      "fn": 64,
      "tn": 7,
      "accuracy": 0.31092436974789917,
      "correct": 37,
      "total_instances": 119
    },
    "6": {
      "precision": 0.9523809523809523,
      "recall": 0.7843137254901961,
      "f1": 0.8602150537634408,
      "tp": 40,
      "fp": 2,
      "fn": 11,
      "tn": 2,
      "accuracy": 0.7636363636363637,
      "correct": 42,
      "total_instances": 55
    },
    "7": {
      "precision": 0.968503937007874,
      "recall": 0.36716417910447763,
      "f1": 0.5324675324675325,
      "tp": 123,
      "fp": 4,
      "fn": 212,
      "tn": 1,
      "accuracy": 0.36470588235294116,
      "correct": 124,
      "total_instances": 340
    },
    "8": {
      "precision": 0.512396694214876,
      "recall": 0.7425149700598802,
      "f1": 0.6063569682151589,
      "tp": 124,
      "fp": 118,
      "fn": 43,
      "tn": 61,
      "accuracy": 0.5346820809248555,
      "correct": 185,
      "total_instances": 346
    }
  },
  "macro_averages": {
    "presence": {
      "precision": 0.37628065325361015,
      "recall": 0.6589317249509553,
      "f1": 0.4441148987327254,
      "tp": 1701,
      "fp": 2627,
      "tn": 22838,
      "fn": 1121,
      "correct": 24539,
      "total_instances": 28287,
      "accuracy": 0.8675009721780323
    },
    "stance": {
      "precision": 0.7465099405421084,
      "recall": 0.6221732244407973,
      "f1": 0.6239914665251054,
      "tp": 1226,
      "fp": 436,
      "fn": 1054,
      "tn": 106,
      "correct": 1332,
      "total_instances": 2822,
      "accuracy": 0.47200566973777464
    }
  },
  "social_needs": {
    "precision": 0.6046979865771812,
    "recall": 0.7452440033085195,
    "f1": 0.6676546869210819,
    "tp": 901,
    "fp": 589,
    "fn": 308,
    "tn": 1345,
    "correct": 2246,
    "total_instances": 3143,
    "accuracy": 0.7146038816417436
  }
}
