{
  "per_label": {
    "0": {
      "1": {
        "precision": 0.34375,
        "recall": 0.3963963963963964,
        "f1": 0.3682008368200837,
        "tp": 44,
        "fp": 84,
        "fn": 67,
        "tn": 3260
      },
      "-1": {
        "precision": 0.525,
        "recall": 0.08108108108108109,
        "f1": 0.14046822742474918,
        "tp": 21,
        "fp": 19,
        "fn": 238,
        "tn": 3177
      },
      "0": {
        "precision": 0.9248554913294798,
        "recall": 0.9854132901134521,
        "f1": 0.9541745134965472,
        "tp": 3040,
        "fp": 247,
        "fn": 45,
        "tn": 123
      },
      "macro": {
        "precision": 0.5978684971098266,
        "recall": 0.4876302558636432,
        "f1": 0.48761452591379334
      }
    },
    "1": {
      "1": {
        "precision": 0.6142857142857143,
        "recall": 0.13230769230769232,
        "f1": 0.2177215189873418,
        "tp": 43,
        "fp": 27,
        "fn": 282,
        "tn": 3103
      },
      "-1": {
        "precision": 0.022222222222222223,
        "recall": 0.25,
        "f1": 0.04081632653061225,
        "tp": 2,
        "fp": 88,
        "fn": 6,
        "tn": 3359
      },
      "0": {
        "precision": 0.918361153262519,
        "recall": 0.9692504804612428,
        "f1": 0.9431198379304971,
        "tp": 3026,
        "fp": 269,
        "fn": 96,
        "tn": 64
      },
      "macro": {
        "precision": 0.5182896965901519,
        "recall": 0.4505193909229784,
        "f1": 0.40055256114948373
      }
    },
    "2": {
      "1": {
        "precision": 0.25547445255474455,
        "recall": 0.3763440860215054,
        "f1": 0.30434782608695654,
        "tp": 35,
        "fp": 102,
        "fn": 58,
        "tn": 3260
      },
      "-1": {
        "precision": 0.11940298507462686,
        "recall": 0.2,
        "f1": 0.14953271028037382,
        "tp": 8,
        "fp": 59,
        "fn": 32,
        "tn": 3356
      },
      "0": {
        "precision": 0.9747769916948631,
        "recall": 0.9539434075857917,
        "f1": 0.964247679902632,
        "tp": 3169,
        "fp": 82,
        "fn": 153,
        "tn": 51
      },
      "macro": {
        "precision": 0.4498848097747448,
        "recall": 0.5100958312024324,
        "f1": 0.4727094054233208
      }
    },
    "3": {
      "1": {
        "precision": 0.8059701492537313,
        "recall": 0.1433628318584071,
        "f1": 0.2434259954921112,
        "tp": 162,
        "fp": 39,
        "fn": 968,
        "tn": 2286
      },
      "-1": {
        "precision": 0.08620689655172414,
        "recall": 0.056179775280898875,
        "f1": 0.06802721088435375,
        "tp": 5,
        "fp": 53,
        "fn": 84,
        "tn": 3313
      },
      "0": {
        "precision": 0.6821026282853567,
        "recall": 0.9749552772808586,
        "f1": 0.8026509572901326,
        "tp": 2180,
        "fp": 1016,
        "fn": 56,
        "tn": 203
      },
      "macro": {
        "precision": 0.5247598913636041,
        "recall": 0.3914992948067215,
        "f1": 0.3713680545555325
      }
    },
    "4": {
      "1": {
        "precision": 0.6851851851851852,
        "recall": 0.19946091644204852,
        "f1": 0.3089770354906054,
        "tp": 74,
        "fp": 34,
        "fn": 297,
        "tn": 3050
      },
      "-1": {
        "precision": 0.23076923076923078,
        "recall": 0.1875,
        "f1": 0.20689655172413793,
        "tp": 15,
        "fp": 50,
        "fn": 65,
        "tn": 3325
      },
      "0": {
        "precision": 0.8994515539305301,
        "recall": 0.9826897470039947,
        "f1": 0.9392300349984093,
        "tp": 2952,
        "fp": 330,
        "fn": 52,
        "tn": 121
      },
      "macro": {
        "precision": 0.605135323294982,
        "recall": 0.4565502211486811,
        "f1": 0.4850345407377175
      }
    },
    "5": {
      "1": {
        "precision": 0.18181818181818182,
        "recall": 0.03636363636363636,
        "f1": 0.0606060606060606,
        "tp": 4,
        "fp": 18,
        "fn": 106,
        "tn": 3327
      },
      "-1": {
        "precision": 0.09090909090909091,
        "recall": 0.16216216216216217,
        "f1": 0.11650485436893203,
        "tp": 6,
        "fp": 60,
        "fn": 31,
        "tn": 3358
      },
      "0": {
        "precision": 0.9622809622809623,
        "recall": 0.9794437726723095,
        "f1": 0.9707865168539326,
        "tp": 3240,
        "fp": 127,
        "fn": 68,
        "tn": 20
      },
      "macro": {
        "precision": 0.4116694116694117,
        "recall": 0.39265652373270266,
        "f1": 0.3826324772763084
      }
    },
    "6": {
      "1": {
        "precision": 0.6,
        "recall": 0.3230769230769231,
        "f1": 0.42,
        "tp": 21,
        "fp": 14,
        "fn": 44,
        "tn": 3376
      },
      "-1": {
        "precision": 0.015873015873015872,
        "recall": 0.25,
        "f1": 0.029850746268656716,
        "tp": 1,
        "fp": 62,
        "fn": 3,
        "tn": 3389
      },
      "0": {
        "precision": 0.9886803693774203,
        "recall": 0.9802126402835204,
        "f1": 0.9844282960106777,
        "tp": 3319,
        "fp": 38,
        "fn": 67,
        "tn": 31
      },
      "macro": {
        "precision": 0.534851128416812,
        "recall": 0.5177631877868145,
        "f1": 0.47809301409311145
      }
    },
    "7": {
      "1": {
        "precision": 0.32142857142857145,
        "recall": 0.023195876288659795,
        "f1": 0.043269230769230775,
        "tp": 9,
        "fp": 19,
        "fn": 379,
        "tn": 3048
      },
      "-1": {
        "precision": 0.04,
        "recall": 0.2222222222222222,
        "f1": 0.06779661016949154,
        "tp": 2,
        "fp": 48,
        "fn": 7,
        "tn": 3398
      },
      "0": {
        "precision": 0.8877702102457803,
        "recall": 0.9803793328973185,
        "f1": 0.9317793317793318,
        "tp": 2998,
        "fp": 379,
        "fn": 60,
        "tn": 18
      },
      "macro": {
        "precision": 0.4163995938914506,
        "recall": 0.4085991438027335,
        "f1": 0.3476150575726847
      }
    },
    "8": {
      "1": {
        "precision": 0.2692307692307692,
        "recall": 0.03804347826086957,
        "f1": 0.06666666666666667,
        "tp": 7,
        "fp": 19,
        "fn": 177,
        "tn": 3252
      },
      "-1": {
        "precision": 0.704225352112676,
        "recall": 0.17921146953405018,
        "f1": 0.2857142857142857,
        "tp": 50,
        "fp": 21,
        "fn": 229,
        "tn": 3155
      },
      "0": {
        "precision": 0.8814770696843359,
        "recall": 0.9893048128342246,
        "f1": 0.9322834645669291,
        "tp": 2960,
        "fp": 398,
        "fn": 32,
        "tn": 65
      },
      "macro": {
        "precision": 0.618311063675927,
        "recall": 0.4021865868763814,
        "f1": 0.42822147231596047
      }
    }
  },
  "global_macro": {
    "macro_precision": 0.51968549064299,
    "macro_recall": 0.446388937349232,
    "macro_f1": 0.42820456767087917
  }
}