{
  "presence_per_label": {
    "0": {
      "precision": 0.7181208053691275,
      "recall": 0.2899728997289973,
      "f1": 0.41312741312741313,
      "tp": 107,
      "fp": 42,
      "fn": 262
    },
    "1": {
      "precision": 0.38686131386861317,
      "recall": 0.15963855421686746,
      "f1": 0.22601279317697226,
      "tp": 53,
      "fp": 84,
      "fn": 279
    },
    "2": {
      "precision": 0.2538860103626943,
      "recall": 0.3712121212121212,
      "f1": 0.30153846153846153,
      "tp": 49,
      "fp": 144,
      "fn": 83
    },
    "3": {
      "precision": 0.7619047619047619,
      "recall": 0.1444991789819376,
      "f1": 0.24292615596963418,
      "tp": 176,
      "fp": 55,
      "fn": 1042
    },
    "4": {
      "precision": 0.6506849315068494,
      "recall": 0.2106430155210643,
      "f1": 0.3182579564489112,
      "tp": 95,
      "fp": 51,
      "fn": 356
    },
    "5": {
      "precision": 0.16,
      "recall": 0.08163265306122448,
      "f1": 0.10810810810810809,
      "tp": 12,
      "fp": 63,
      "fn": 135
    },
    "6": {
      "precision": 0.3561643835616438,
      "recall": 0.37681159420289856,
      "f1": 0.3661971830985915,
      "tp": 26,
      "fp": 47,
      "fn": 43
    },
    "7": {
      "precision": 0.23728813559322035,
      "recall": 0.03526448362720403,
      "f1": 0.06140350877192982,
      "tp": 14,
      "fp": 45,
      "fn": 383
    },
    "8": {
      "precision": 0.5657894736842105,
      "recall": 0.09287257019438445,
      "f1": 0.15955473098330242,
      "tp": 43,
      "fp": 33,
      "fn": 420
    }
  },
  "stance_per_label": {
    "0": {
      "class_1": {
        "precision": 0.6075949367088608,
        "recall": 0.43636363636363634,
        "f1": 0.5079365079365079
      },
      "class_-1": {
        "precision": 0.5714285714285714,
        "recall": 0.06177606177606178,
        "f1": 0.11149825783972125
      },
      "macro": {
        "precision": 0.589511754068716,
        "recall": 0.24906984906984905,
        "f1": 0.30971738288811457
      }
    },
    "1": {
      "class_1": {
        "precision": 1.0,
        "recall": 0.09567901234567901,
        "f1": 0.17464788732394365
      },
      "class_-1": {
        "precision": 0.09090909090909091,
        "recall": 0.25,
        "f1": 0.13333333333333333
      },
      "macro": {
        "precision": 0.5454545454545454,
        "recall": 0.1728395061728395,
        "f1": 0.15399061032863848
      }
    },
    "2": {
      "class_1": {
        "precision": 0.918918918918919,
        "recall": 0.3695652173913043,
        "f1": 0.5271317829457364
      },
      "class_-1": {
        "precision": 0.5833333333333334,
        "recall": 0.175,
        "f1": 0.2692307692307692
      },
      "macro": {
        "precision": 0.7511261261261262,
        "recall": 0.27228260869565213,
        "f1": 0.3981812760882528
      }
    },
    "3": {
      "class_1": {
        "precision": 0.9457364341085271,
        "recall": 0.10806023029229407,
        "f1": 0.19395866454689986
      },
      "class_-1": {
        "precision": 0.0851063829787234,
        "recall": 0.0449438202247191,
        "f1": 0.0588235294117647
      },
      "macro": {
        "precision": 0.5154214085436253,
        "recall": 0.07650202525850658,
        "f1": 0.1263910969793323
      }
    },
    "4": {
      "class_1": {
        "precision": 0.90625,
        "recall": 0.15633423180592992,
        "f1": 0.26666666666666666
      },
      "class_-1": {
        "precision": 0.2903225806451613,
        "recall": 0.1125,
        "f1": 0.16216216216216217
      },
      "macro": {
        "precision": 0.5982862903225806,
        "recall": 0.13441711590296496,
        "f1": 0.21441441441441442
      }
    },
    "5": {
      "class_1": {
        "precision": 0.5,
        "recall": 0.00909090909090909,
        "f1": 0.01785714285714286
      },
      "class_-1": {
        "precision": 0.5,
        "recall": 0.13513513513513514,
        "f1": 0.21276595744680854
      },
      "macro": {
        "precision": 0.5,
        "recall": 0.07211302211302212,
        "f1": 0.1153115501519757
      }
    },
    "6": {
      "class_1": {
        "precision": 1.0,
        "recall": 0.3076923076923077,
        "f1": 0.47058823529411764
      },
      "class_-1": {
        "precision": 0.16666666666666666,
        "recall": 0.25,
        "f1": 0.2
      },
      "macro": {
        "precision": 0.5833333333333334,
        "recall": 0.27884615384615385,
        "f1": 0.33529411764705885
      }
    },
    "7": {
      "class_1": {
        "precision": 1.0,
        "recall": 0.01804123711340206,
        "f1": 0.035443037974683546
      },
      "class_-1": {
        "precision": 0.14285714285714285,
        "recall": 0.1111111111111111,
        "f1": 0.125
      },
      "macro": {
        "precision": 0.5714285714285714,
        "recall": 0.06457617411225658,
        "f1": 0.08022151898734177
      }
    },
    "8": {
      "class_1": {
        "precision": 0.3333333333333333,
        "recall": 0.005434782608695652,
        "f1": 0.0106951871657754
      },
      "class_-1": {
        "precision": 0.825,
        "recall": 0.11827956989247312,
        "f1": 0.20689655172413793
      },
      "macro": {
        "precision": 0.5791666666666666,
        "recall": 0.061857176250584386,
        "f1": 0.10879586944495666
      }
    }
  },
  "macro_averages": {
    "presence": {
      "precision": 0.45452220176123564,
      "recall": 0.19583856341629993,
      "f1": 0.24412514569148047
    },
    "stance": {
      "precision": 0.5815254106604627,
      "recall": 0.15361151460242548,
      "f1": 0.20470198188112063
    }
  }
}