{
  "presence_per_label": {
    "0": {
      "precision": 0.18867924528301888,
      "recall": 0.8695652173913043,
      "f1": 0.31007751937984496,
      "tp": 20,
      "fp": 86,
      "fn": 3,
      "tn": 310,
      "accuracy": 0.7875894988
    },
    "1": {
      "precision": 0.3333333333333333,
      "recall": 0.7954545454545454,
      "f1": 0.46979865771812085,
      "tp": 35,
      "fp": 70,
      "fn": 9,
      "tn": 305,
      "accuracy": 0.8114558473
    },
    "2": {
      "precision": 0.08,
      "recall": 0.7272727272727273,
      "f1": 0.14414414414414414,
      "tp": 8,
      "fp": 92,
      "fn": 3,
      "tn": 316,
      "accuracy": 0.7732696897
    },
    "3": {
      "precision": 0.7189542483660131,
      "recall": 0.7534246575342466,
      "f1": 0.7357859531772575,
      "tp": 110,
      "fp": 43,
      "fn": 36,
      "tn": 230,
      "accuracy": 0.8114558473
    },
    "4": {
      "precision": 0.47191011235955055,
      "recall": 0.7924528301886793,
      "f1": 0.5915492957746479,
      "tp": 42,
      "fp": 47,
      "fn": 11,
      "tn": 319,
      "accuracy": 0.861575179
    },
    "5": {
      "precision": 0.06593406593406594,
      "recall": 0.6,
      "f1": 0.1188118811881188,
      "tp": 6,
      "fp": 85,
      "fn": 4,
      "tn": 324,
      "accuracy": 0.7875894988
    },
    "6": {
      "precision": 0.13793103448275862,
      "recall": 0.6666666666666666,
      "f1": 0.2285714285714286,
      "tp": 4,
      "fp": 25,
      "fn": 2,
      "tn": 388,
      "accuracy": 0.9355608592
    },
    "7": {
      "precision": 0.09836065573770492,
      "recall": 0.46153846153846156,
      "f1": 0.16216216216216217,
      "tp": 6,
      "fp": 55,
      "fn": 7,
      "tn": 351,
      "accuracy": 0.8520286396
    },
    "8": {
      "precision": 0.22429906542056074,
      "recall": 0.8,
      "f1": 0.35036496350364965,
      "tp": 24,
      "fp": 83,
      "fn": 6,
      "tn": 306,
      "accuracy": 0.7875894988
    }
  },
  "stance_per_label": {
    "0": {
      "precision": 0.4,
      "recall": 0.8571428571428571,
      "f1": 0.5454545454545455,
      "accuracy": 0.5652173913043478,
      "tp": 6,
      "fp": 9,
      "fn": 1,
      "tn": 7,
      "total_instances": 23,
      "correct": 13
    },
    "1": {
      "precision": 1.0,
      "recall": 0.6190476190476191,
      "f1": 0.7647058823529412,
      "accuracy": 0.6363636363636364,
      "tp": 26,
      "fp": 0,
      "fn": 16,
      "tn": 2,
      "total_instances": 44,
      "correct": 28
    },
    "2": {
      "precision": 0.875,
      "recall": 0.7,
      "f1": 0.7777777777777777,
      "accuracy": 0.6363636363636364,
      "tp": 7,
      "fp": 1,
      "fn": 3,
      "tn": 0,
      "total_instances": 11,
      "correct": 7
    },
    "3": {
      "precision": 0.9333333333333333,
      "recall": 0.6086956521739131,
      "f1": 0.7368421052631579,
      "accuracy": 0.589041095890411,
      "tp": 84,
      "fp": 6,
      "fn": 54,
      "tn": 2,
      "total_instances": 146,
      "correct": 86
    },
    "4": {
      "precision": 0.96875,
      "recall": 0.62,
      "f1": 0.7560975609756097,
      "accuracy": 0.6226415094339622,
      "tp": 31,
      "fp": 1,
      "fn": 19,
      "tn": 2,
      "total_instances": 53,
      "correct": 33
    },
    "5": {
      "precision": 0.5,
      "recall": 0.42857142857142855,
      "f1": 0.4615384615384615,
      "accuracy": 0.3,
      "tp": 3,
      "fp": 3,
      "fn": 4,
      "tn": 0,
      "total_instances": 10,
      "correct": 3
    },
    "6": {
      "precision": 0.6,
      "recall": 0.75,
      "f1": 0.6666666666666665,
      "accuracy": 0.5,
      "tp": 3,
      "fp": 2,
      "fn": 1,
      "tn": 0,
      "total_instances": 6,
      "correct": 3
    },
    "7": {
      "precision": 0.8333333333333334,
      "recall": 0.45454545454545453,
      "f1": 0.5882352941176471,
      "accuracy": 0.46153846153846156,
      "tp": 5,
      "fp": 1,
      "fn": 6,
      "tn": 1,
      "total_instances": 13,
      "correct": 6
    },
    "8": {
      "precision": 0.65,
      "recall": 0.7222222222222222,
      "f1": 0.6842105263157895,
      "accuracy": 0.6,
      "tp": 13,
      "fp": 7,
      "fn": 5,
      "tn": 5,
      "total_instances": 30,
      "correct": 18
    }
  },
  "macro_averages": {
    "presence": {
      "precision": 0.2577113067685562,
      "recall": 0.7184861228940701,
      "f1": 0.3456962228465972,
      "tp": 255,
      "fp": 586,
      "tn": 2849,
      "fn": 81,
      "total_instances": 3771,
      "accuracy": 0.8231238398302837
    },
    "stance": {
      "precision": 0.7511574074074073,
      "recall": 0.6400250259670549,
      "f1": 0.664614313384733,
      "accuracy": 0.5863095238095238,
      "tp": 178,
      "fp": 30,
      "fn": 109,
      "total_instances": 336
    }
  }
}