{
  "presence_per_label": {
    "0": {
      "precision": 0.394990366088632,
      "recall": 0.9151785714285714,
      "f1": 0.5518169582772543,
      "tp": 205,
      "fp": 314,
      "fn": 19,
      "tn": 2403,
      "accuracy": 0.8867732063923836,
      "correct": 2608,
      "total_instances": 2941
    },
    "1": {
      "precision": 0.2982107355864811,
      "recall": 0.6276150627615062,
      "f1": 0.4043126684636118,
      "tp": 150,
      "fp": 353,
      "fn": 89,
      "tn": 2349,
      "accuracy": 0.8497109826589595,
      "correct": 2499,
      "total_instances": 2941
    },
    "2": {
      "precision": 0.09766162310866575,
      "recall": 0.8452380952380952,
      "f1": 0.1750924784217016,
      "tp": 71,
      "fp": 656,
      "fn": 13,
      "tn": 2201,
      "accuracy": 0.7725263515810948,
      "correct": 2272,
      "total_instances": 2941
    },
    "3": {
      "precision": 0.7130801687763713,
      "recall": 0.5297805642633229,
      "f1": 0.6079136690647482,
      "tp": 507,
      "fp": 204,
      "fn": 450,
      "tn": 1780,
      "accuracy": 0.7776266575994559,
      "correct": 2287,
      "total_instances": 2941
    },
    "4": {
      "precision": 0.45692883895131087,
      "recall": 0.7947882736156352,
      "f1": 0.5802615933412604,
      "tp": 244,
      "fp": 290,
      "fn": 63,
      "tn": 2344,
      "accuracy": 0.8799727983679021,
      "correct": 2588,
      "total_instances": 2941
    },
    "5": {
      "precision": 0.12527964205816555,
      "recall": 0.5185185185185185,
      "f1": 0.2018018018018018,
      "tp": 56,
      "fp": 391,
      "fn": 52,
      "tn": 2442,
      "accuracy": 0.8493709622577355,
      "correct": 2498,
      "total_instances": 2941
    },
    "6": {
      "precision": 0.14642857142857144,
      "recall": 0.8913043478260869,
      "f1": 0.2515337423312884,
      "tp": 41,
      "fp": 239,
      "fn": 5,
      "tn": 2656,
      "accuracy": 0.917035022101326,
      "correct": 2697,
      "total_instances": 2941
    },
    "7": {
      "precision": 0.26956521739130435,
      "recall": 0.49206349206349204,
      "f1": 0.34831460674157305,
      "tp": 155,
      "fp": 420,
      "fn": 160,
      "tn": 2206,
      "accuracy": 0.8027881672900374,
      "correct": 2361,
      "total_instances": 2941
    },
    "8": {
      "precision": 0.34532374100719426,
      "recall": 0.7453416149068323,
      "f1": 0.47197640117994105,
      "tp": 240,
      "fp": 455,
      "fn": 82,
      "tn": 2164,
      "accuracy": 0.8174090445426726,
      "correct": 2404,
      "total_instances": 2941
    }
  },
  "stance_per_label": {
    "0": {
      "precision": 0.2558139534883721,
      "recall": 0.9016393442622951,
      "f1": 0.3985507246376812,
      "tp": 55,
      "fp": 160,
      "fn": 6,
      "tn": 3,
      "accuracy": 0.25892857142857145,
      "correct": 58,
      "total_instances": 224
    },
    "1": {
      "precision": 0.9838709677419355,
      "recall": 0.5258620689655172,
      "f1": 0.6853932584269663,
      "tp": 122,
      "fp": 2,
      "fn": 110,
      "tn": 5,
      "accuracy": 0.5313807531380753,
      "correct": 127,
      "total_instances": 239
    },
    "2": {
      "precision": 0.7424242424242424,
      "recall": 0.8596491228070176,
      "f1": 0.7967479674796748,
      "tp": 49,
      "fp": 17,
      "fn": 8,
      "tn": 10,
      "accuracy": 0.7023809523809523,
      "correct": 59,
      "total_instances": 84
    },
    "3": {
      "precision": 0.901010101010101,
      "recall": 0.4955555555555556,
      "f1": 0.6394265232974911,
      "tp": 446,
      "fp": 49,
      "fn": 454,
      "tn": 8,
      "accuracy": 0.47439916405433646,
      "correct": 454,
      "total_instances": 957
    },
    "4": {
      "precision": 0.8071748878923767,
      "recall": 0.72,
      "f1": 0.7610993657505285,
      "tp": 180,
      "fp": 43,
      "fn": 70,
      "tn": 14,
      "accuracy": 0.6319218241042345,
      "correct": 194,
      "total_instances": 307
    },
    "5": {
      "precision": 0.6136363636363636,
      "recall": 0.3253012048192771,
      "f1": 0.4251968503937008,
      "tp": 27,
      "fp": 17,
      "fn": 56,
      "tn": 8,
      "accuracy": 0.32407407407407407,
      "correct": 35,
      "total_instances": 108
    },
    "6": {
      "precision": 0.9459459459459459,
      "recall": 0.7954545454545454,
      "f1": 0.8641975308641975,
      "tp": 35,
      "fp": 2,
      "fn": 9,
      "tn": 0,
      "accuracy": 0.7608695652173914,
      "correct": 35,
      "total_instances": 46
    },
    "7": {
      "precision": 0.9772727272727273,
      "recall": 0.4161290322580645,
      "f1": 0.5837104072398189,
      "tp": 129,
      "fp": 3,
      "fn": 181,
      "tn": 2,
      "accuracy": 0.4158730158730159,
      "correct": 131,
      "total_instances": 315
    },
    "8": {
      "precision": 0.5893719806763285,
      "recall": 0.7770700636942676,
      "f1": 0.6703296703296703,
      "tp": 122,
      "fp": 85,
      "fn": 35,
      "tn": 80,
      "accuracy": 0.6273291925465838,
      "correct": 202,
      "total_instances": 322
    }
  },
  "macro_averages": {
    "presence": {
      "precision": 0.3163854338218552,
      "recall": 0.7066476156246734,
      "f1": 0.3992248799581312,
      "tp": 1669,
      "fp": 3322,
      "tn": 20545,
      "fn": 933,
      "correct": 22214,
      "total_instances": 26469,
      "accuracy": 0.8392459103101741
    },
    "stance": {
      "precision": 0.7573912411209326,
      "recall": 0.6462956597573934,
      "f1": 0.6471835887133034,
      "tp": 1165,
      "fp": 378,
      "fn": 929,
      "tn": 130,
      "correct": 1295,
      "total_instances": 2602,
      "accuracy": 0.49769408147578786
    }
  },
  "social_needs": {
    "precision": 0.571830985915493,
    "recall": 0.7463235294117647,
    "f1": 0.6475279106858055,
    "tp": 812,
    "fp": 608,
    "fn": 276,
    "tn": 1245,
    "correct": 2057,
    "total_instances": 2941,
    "accuracy": 0.6994219653179191
  }
}