{
  "presence_per_label": {
    "0": {
      "precision": 0.20967741935483872,
      "recall": 0.8524590163934426,
      "f1": 0.33656957928802594,
      "tp": 52,
      "fp": 196,
      "fn": 9,
      "tn": 708,
      "accuracy": 0.7875647668393783,
      "correct": 760,
      "total_instances": 965
    },
    "1": {
      "precision": 0.4925373134328358,
      "recall": 0.4714285714285714,
      "f1": 0.4817518248175182,
      "tp": 33,
      "fp": 34,
      "fn": 37,
      "tn": 861,
      "accuracy": 0.9264248704663213,
      "correct": 894,
      "total_instances": 965
    },
    "2": {
      "precision": 0.10655737704918032,
      "recall": 0.65,
      "f1": 0.18309859154929575,
      "tp": 13,
      "fp": 109,
      "fn": 7,
      "tn": 836,
      "accuracy": 0.8797927461139896,
      "correct": 849,
      "total_instances": 965
    },
    "3": {
      "precision": 0.6915887850467289,
      "recall": 0.5016949152542373,
      "f1": 0.581532416502947,
      "tp": 148,
      "fp": 66,
      "fn": 147,
      "tn": 604,
      "accuracy": 0.7792746113989637,
      "correct": 752,
      "total_instances": 965
    },
    "4": {
      "precision": 0.49324324324324326,
      "recall": 0.8111111111111111,
      "f1": 0.6134453781512605,
      "tp": 73,
      "fp": 75,
      "fn": 17,
      "tn": 800,
      "accuracy": 0.9046632124352332,
      "correct": 873,
      "total_instances": 965
    },
    "5": {
      "precision": 0.15517241379310345,
      "recall": 0.3103448275862069,
      "f1": 0.20689655172413793,
      "tp": 9,
      "fp": 49,
      "fn": 20,
      "tn": 887,
      "accuracy": 0.9284974093264249,
      "correct": 896,
      "total_instances": 965
    },
    "6": {
      "precision": 0.5,
      "recall": 0.8888888888888888,
      "f1": 0.64,
      "tp": 8,
      "fp": 8,
      "fn": 1,
      "tn": 948,
      "accuracy": 0.9906735751295337,
      "correct": 956,
      "total_instances": 965
    },
    "7": {
      "precision": 0.0898876404494382,
      "recall": 0.42105263157894735,
      "f1": 0.14814814814814814,
      "tp": 8,
      "fp": 81,
      "fn": 11,
      "tn": 865,
      "accuracy": 0.9046632124352332,
      "correct": 873,
      "total_instances": 965
    },
    "8": {
      "precision": 0.2828282828282828,
      "recall": 0.717948717948718,
      "f1": 0.4057971014492754,
      "tp": 28,
      "fp": 71,
      "fn": 11,
      "tn": 855,
      "accuracy": 0.9150259067357513,
      "correct": 883,
      "total_instances": 965
    }
  },
  "stance_per_label": {
    "0": {
      "precision": 0.4090909090909091,
      "recall": 0.6428571428571429,
      "f1": 0.5000000000000001,
      "tp": 9,
      "fp": 13,
      "fn": 5,
      "tn": 34,
      "accuracy": 0.7049180327868853,
      "correct": 43,
      "total_instances": 61
    },
    "1": {
      "precision": 1.0,
      "recall": 0.30434782608695654,
      "f1": 0.4666666666666667,
      "tp": 21,
      "fp": 0,
      "fn": 48,
      "tn": 1,
      "accuracy": 0.3142857142857143,
      "correct": 22,
      "total_instances": 70
    },
    "2": {
      "precision": 0.7777777777777778,
      "recall": 0.4375,
      "f1": 0.56,
      "tp": 7,
      "fp": 2,
      "fn": 9,
      "tn": 2,
      "accuracy": 0.45,
      "correct": 9,
      "total_instances": 20
    },
    "3": {
      "precision": 0.8617886178861789,
      "recall": 0.38686131386861317,
      "f1": 0.5340050377833753,
      "tp": 106,
      "fp": 17,
      "fn": 168,
      "tn": 4,
      "accuracy": 0.3728813559322034,
      "correct": 110,
      "total_instances": 295
    },
    "4": {
      "precision": 0.8703703703703703,
      "recall": 0.5949367088607594,
      "f1": 0.706766917293233,
      "tp": 47,
      "fp": 7,
      "fn": 32,
      "tn": 4,
      "accuracy": 0.5666666666666667,
      "correct": 51,
      "total_instances": 90
    },
    "5": {
      "precision": 0.36363636363636365,
      "recall": 0.18181818181818182,
      "f1": 0.24242424242424246,
      "tp": 4,
      "fp": 7,
      "fn": 18,
      "tn": 0,
      "accuracy": 0.13793103448275862,
      "correct": 4,
      "total_instances": 29
    },
    "6": {
      "precision": 1.0,
      "recall": 0.7777777777777778,
      "f1": 0.8750000000000001,
      "tp": 7,
      "fp": 0,
      "fn": 2,
      "tn": 0,
      "accuracy": 0.7777777777777778,
      "correct": 7,
      "total_instances": 9
    },
    "7": {
      "precision": 1.0,
      "recall": 0.15789473684210525,
      "f1": 0.2727272727272727,
      "tp": 3,
      "fp": 0,
      "fn": 16,
      "tn": 0,
      "accuracy": 0.15789473684210525,
      "correct": 3,
      "total_instances": 19
    },
    "8": {
      "precision": 0.1111111111111111,
      "recall": 0.037037037037037035,
      "f1": 0.05555555555555555,
      "tp": 1,
      "fp": 8,
      "fn": 26,
      "tn": 4,
      "accuracy": 0.1282051282051282,
      "correct": 5,
      "total_instances": 39
    }
  },
  "macro_averages": {
    "presence": {
      "precision": 0.33572138613307234,
      "recall": 0.6249920755766805,
      "f1": 0.3996932879589566,
      "tp": 372,
      "fp": 689,
      "tn": 7364,
      "fn": 260,
      "correct": 7736,
      "total_instances": 8685,
      "accuracy": 0.8907311456534255
    },
    "stance": {
      "precision": 0.7104194610969679,
      "recall": 0.3912256361276193,
      "f1": 0.46812729916114953,
      "tp": 205,
      "fp": 54,
      "fn": 324,
      "tn": 49,
      "correct": 254,
      "total_instances": 632,
      "accuracy": 0.40189873417721517
    }
  },
  "social_needs": {
    "precision": 0.6235955056179775,
    "recall": 0.8325,
    "f1": 0.7130620985010706,
    "tp": 333,
    "fp": 201,
    "fn": 67,
    "tn": 364,
    "correct": 697,
    "total_instances": 965,
    "accuracy": 0.722279792746114
  }
}