{
  "per_label": {
    "0": {
      "1": {
        "precision": 0.4925373134328358,
        "recall": 0.3055555555555556,
        "f1": 0.37714285714285717,
        "tp": 33,
        "fp": 34,
        "fn": 75,
        "tn": 3310
      },
      "-1": {
        "precision": 0.3958333333333333,
        "recall": 0.07335907335907337,
        "f1": 0.1237785016286645,
        "tp": 19,
        "fp": 29,
        "fn": 240,
        "tn": 3164
      },
      "0": {
        "precision": 0.9130955948456697,
        "recall": 0.9876823338735818,
        "f1": 0.9489255683587667,
        "tp": 3047,
        "fp": 290,
        "fn": 38,
        "tn": 77
      },
      "macro": {
        "precision": 0.6004887472039463,
        "recall": 0.4555323209294036,
        "f1": 0.4832823090434295
      }
    },
    "1": {
      "1": {
        "precision": 0.5833333333333334,
        "recall": 0.10802469135802469,
        "f1": 0.18229166666666663,
        "tp": 35,
        "fp": 25,
        "fn": 289,
        "tn": 3103
      },
      "-1": {
        "precision": 0.015873015873015872,
        "recall": 0.125,
        "f1": 0.02816901408450704,
        "tp": 1,
        "fp": 62,
        "fn": 7,
        "tn": 3382
      },
      "0": {
        "precision": 0.914388705316912,
        "recall": 0.9756410256410256,
        "f1": 0.9440223290432626,
        "tp": 3044,
        "fp": 285,
        "fn": 76,
        "tn": 47
      },
      "macro": {
        "precision": 0.5045316848410871,
        "recall": 0.4028885723330167,
        "f1": 0.38482766993147877
      }
    },
    "2": {
      "1": {
        "precision": 0.35443037974683544,
        "recall": 0.3010752688172043,
        "f1": 0.32558139534883723,
        "tp": 28,
        "fp": 51,
        "fn": 65,
        "tn": 3308
      },
      "-1": {
        "precision": 0.15,
        "recall": 0.15384615384615385,
        "f1": 0.1518987341772152,
        "tp": 6,
        "fp": 34,
        "fn": 33,
        "tn": 3379
      },
      "0": {
        "precision": 0.9723972397239724,
        "recall": 0.9762048192771084,
        "f1": 0.974297309484443,
        "tp": 3241,
        "fp": 92,
        "fn": 79,
        "tn": 40
      },
      "macro": {
        "precision": 0.49227587315693594,
        "recall": 0.47704208064682224,
        "f1": 0.48392581300349846
      }
    },
    "3": {
      "1": {
        "precision": 0.7333333333333333,
        "recall": 0.07808340727595386,
        "f1": 0.14113873295910187,
        "tp": 88,
        "fp": 32,
        "fn": 1039,
        "tn": 2293
      },
      "-1": {
        "precision": 0.11320754716981132,
        "recall": 0.06741573033707865,
        "f1": 0.08450704225352113,
        "tp": 6,
        "fp": 47,
        "fn": 83,
        "tn": 3316
      },
      "0": {
        "precision": 0.666971637694419,
        "recall": 0.9780858676207513,
        "f1": 0.7931097008159564,
        "tp": 2187,
        "fp": 1092,
        "fn": 49,
        "tn": 124
      },
      "macro": {
        "precision": 0.5045041727325211,
        "recall": 0.374528335077928,
        "f1": 0.33958515867619316
      }
    },
    "4": {
      "1": {
        "precision": 0.7450980392156863,
        "recall": 0.10270270270270271,
        "f1": 0.18052256532066507,
        "tp": 38,
        "fp": 13,
        "fn": 332,
        "tn": 3069
      },
      "-1": {
        "precision": 0.15853658536585366,
        "recall": 0.1625,
        "f1": 0.16049382716049385,
        "tp": 13,
        "fp": 69,
        "fn": 67,
        "tn": 3303
      },
      "0": {
        "precision": 0.8888219343175655,
        "recall": 0.9826782145236509,
        "f1": 0.9333966144597373,
        "tp": 2950,
        "fp": 369,
        "fn": 52,
        "tn": 81
      },
      "macro": {
        "precision": 0.5974855196330352,
        "recall": 0.4159603057421179,
        "f1": 0.42480433564696546
      }
    },
    "5": {
      "1": {
        "precision": 0.14893617021276595,
        "recall": 0.06363636363636363,
        "f1": 0.08917197452229299,
        "tp": 7,
        "fp": 40,
        "fn": 103,
        "tn": 3302
      },
      "-1": {
        "precision": 0.07407407407407407,
        "recall": 0.1111111111111111,
        "f1": 0.08888888888888888,
        "tp": 4,
        "fp": 50,
        "fn": 32,
        "tn": 3366
      },
      "0": {
        "precision": 0.9629961205610266,
        "recall": 0.9761040532365396,
        "f1": 0.9695057833859096,
        "tp": 3227,
        "fp": 124,
        "fn": 79,
        "tn": 22
      },
      "macro": {
        "precision": 0.39533545494928884,
        "recall": 0.38361717599467143,
        "f1": 0.3825222155990305
      }
    },
    "6": {
      "1": {
        "precision": 0.5789473684210527,
        "recall": 0.16923076923076924,
        "f1": 0.2619047619047619,
        "tp": 11,
        "fp": 8,
        "fn": 54,
        "tn": 3379
      },
      "-1": {
        "precision": 0.0,
        "recall": 0.0,
        "f1": 0.0,
        "tp": 0,
        "fp": 64,
        "fn": 4,
        "tn": 3384
      },
      "0": {
        "precision": 0.9845651528643514,
        "recall": 0.9804906887378066,
        "f1": 0.9825236966824644,
        "tp": 3317,
        "fp": 52,
        "fn": 66,
        "tn": 17
      },
      "macro": {
        "precision": 0.521170840428468,
        "recall": 0.3832404859895253,
        "f1": 0.4148094861957421
      }
    },
    "7": {
      "1": {
        "precision": 0.36,
        "recall": 0.023195876288659795,
        "f1": 0.043583535108958835,
        "tp": 9,
        "fp": 16,
        "fn": 379,
        "tn": 3048
      },
      "-1": {
        "precision": 0.015384615384615385,
        "recall": 0.1111111111111111,
        "f1": 0.02702702702702703,
        "tp": 1,
        "fp": 64,
        "fn": 8,
        "tn": 3379
      },
      "0": {
        "precision": 0.8875669244497323,
        "recall": 0.976759410801964,
        "f1": 0.9300296088514882,
        "tp": 2984,
        "fp": 378,
        "fn": 71,
        "tn": 19
      },
      "macro": {
        "precision": 0.4209838466114492,
        "recall": 0.370355466067245,
        "f1": 0.3335467236624914
      }
    },
    "8": {
      "1": {
        "precision": 0.045454545454545456,
        "recall": 0.005434782608695652,
        "f1": 0.009708737864077669,
        "tp": 1,
        "fp": 21,
        "fn": 183,
        "tn": 3247
      },
      "-1": {
        "precision": 0.46153846153846156,
        "recall": 0.1079136690647482,
        "f1": 0.1749271137026239,
        "tp": 30,
        "fp": 35,
        "fn": 248,
        "tn": 3139
      },
      "0": {
        "precision": 0.8769687964338782,
        "recall": 0.9869565217391304,
        "f1": 0.9287175452399686,
        "tp": 2951,
        "fp": 414,
        "fn": 39,
        "tn": 48
      },
      "macro": {
        "precision": 0.46132060114229506,
        "recall": 0.3667683244708581,
        "f1": 0.37111779893555674
      }
    }
  },
  "global_macro": {
    "macro_precision": 0.4997885267443363,
    "macro_recall": 0.40332589636128763,
    "macro_f1": 0.4020468345215984
  }
}