{
  "presence_per_label": {
    "0": {
      "precision": 0.1777456647398844,
      "recall": 0.8848920863309353,
      "f1": 0.296028880866426,
      "tp": 123,
      "fp": 569,
      "fn": 16,
      "tn": 2130,
      "accuracy": 0.7938689217758985,
      "correct": 2253,
      "total_instances": 2838
    },
    "1": {
      "precision": 0.5377358490566038,
      "recall": 0.57,
      "f1": 0.5533980582524272,
      "tp": 114,
      "fp": 98,
      "fn": 86,
      "tn": 2540,
      "accuracy": 0.9351656095842142,
      "correct": 2654,
      "total_instances": 2838
    },
    "2": {
      "precision": 0.08229426433915212,
      "recall": 0.673469387755102,
      "f1": 0.14666666666666667,
      "tp": 33,
      "fp": 368,
      "fn": 16,
      "tn": 2421,
      "accuracy": 0.864693446088795,
      "correct": 2454,
      "total_instances": 2838
    },
    "3": {
      "precision": 0.7103109656301145,
      "recall": 0.4732824427480916,
      "f1": 0.568062827225131,
      "tp": 434,
      "fp": 177,
      "fn": 483,
      "tn": 1744,
      "accuracy": 0.7674418604651163,
      "correct": 2178,
      "total_instances": 2838
    },
    "4": {
      "precision": 0.4605911330049261,
      "recall": 0.7824267782426778,
      "f1": 0.5798449612403102,
      "tp": 187,
      "fp": 219,
      "fn": 52,
      "tn": 2380,
      "accuracy": 0.9045102184637068,
      "correct": 2567,
      "total_instances": 2838
    },
    "5": {
      "precision": 0.10982658959537572,
      "recall": 0.24675324675324675,
      "f1": 0.15200000000000002,
      "tp": 19,
      "fp": 154,
      "fn": 58,
      "tn": 2607,
      "accuracy": 0.9252995066948555,
      "correct": 2626,
      "total_instances": 2838
    },
    "6": {
      "precision": 0.4864864864864865,
      "recall": 0.8181818181818182,
      "f1": 0.6101694915254238,
      "tp": 18,
      "fp": 19,
      "fn": 4,
      "tn": 2797,
      "accuracy": 0.9918957011980267,
      "correct": 2815,
      "total_instances": 2838
    },
    "7": {
      "precision": 0.32867132867132864,
      "recall": 0.36015325670498083,
      "f1": 0.34369287020109685,
      "tp": 94,
      "fp": 192,
      "fn": 167,
      "tn": 2385,
      "accuracy": 0.8735024665257224,
      "correct": 2479,
      "total_instances": 2838
    },
    "8": {
      "precision": 0.3739130434782609,
      "recall": 0.6898395721925134,
      "f1": 0.48496240601503765,
      "tp": 129,
      "fp": 216,
      "fn": 58,
      "tn": 2435,
      "accuracy": 0.9034531360112755,
      "correct": 2564,
      "total_instances": 2838
    }
  },
  "stance_per_label": {
    "0": {
      "precision": 0.4032258064516129,
      "recall": 0.6410256410256411,
      "f1": 0.49504950495049505,
      "tp": 25,
      "fp": 37,
      "fn": 14,
      "tn": 63,
      "accuracy": 0.6330935251798561,
      "correct": 88,
      "total_instances": 139
    },
    "1": {
      "precision": 1.0,
      "recall": 0.41708542713567837,
      "f1": 0.5886524822695035,
      "tp": 83,
      "fp": 0,
      "fn": 116,
      "tn": 1,
      "accuracy": 0.42,
      "correct": 84,
      "total_instances": 200
    },
    "2": {
      "precision": 0.75,
      "recall": 0.631578947368421,
      "f1": 0.6857142857142857,
      "tp": 24,
      "fp": 8,
      "fn": 14,
      "tn": 3,
      "accuracy": 0.5510204081632653,
      "correct": 27,
      "total_instances": 49
    },
    "3": {
      "precision": 0.9215116279069767,
      "recall": 0.36022727272727273,
      "f1": 0.5179738562091504,
      "tp": 317,
      "fp": 27,
      "fn": 563,
      "tn": 10,
      "accuracy": 0.35659760087241005,
      "correct": 327,
      "total_instances": 917
    },
    "4": {
      "precision": 0.831081081081081,
      "recall": 0.5970873786407767,
      "f1": 0.6949152542372881,
      "tp": 123,
      "fp": 25,
      "fn": 83,
      "tn": 8,
      "accuracy": 0.5481171548117155,
      "correct": 131,
      "total_instances": 239
    },
    "5": {
      "precision": 0.4,
      "recall": 0.12698412698412698,
      "f1": 0.19277108433734938,
      "tp": 8,
      "fp": 12,
      "fn": 55,
      "tn": 2,
      "accuracy": 0.12987012987012986,
      "correct": 10,
      "total_instances": 77
    },
    "6": {
      "precision": 1.0,
      "recall": 0.6818181818181818,
      "f1": 0.8108108108108109,
      "tp": 15,
      "fp": 0,
      "fn": 7,
      "tn": 0,
      "accuracy": 0.6818181818181818,
      "correct": 15,
      "total_instances": 22
    },
    "7": {
      "precision": 0.9285714285714286,
      "recall": 0.10038610038610038,
      "f1": 0.18118466898954702,
      "tp": 26,
      "fp": 2,
      "fn": 233,
      "tn": 0,
      "accuracy": 0.09961685823754789,
      "correct": 26,
      "total_instances": 261
    },
    "8": {
      "precision": 0.1,
      "recall": 0.02142857142857143,
      "f1": 0.03529411764705882,
      "tp": 3,
      "fp": 27,
      "fn": 137,
      "tn": 20,
      "accuracy": 0.12299465240641712,
      "correct": 23,
      "total_instances": 187
    }
  },
  "macro_averages": {
    "presence": {
      "precision": 0.363063925000237,
      "recall": 0.6109998432121517,
      "f1": 0.4149806846658355,
      "tp": 1151,
      "fp": 2012,
      "tn": 21439,
      "fn": 940,
      "correct": 22590,
      "total_instances": 25542,
      "accuracy": 0.8844256518675123
    },
    "stance": {
      "precision": 0.7038211048901222,
      "recall": 0.39751351639053,
      "f1": 0.4669295627961655,
      "tp": 624,
      "fp": 138,
      "fn": 1222,
      "tn": 107,
      "correct": 731,
      "total_instances": 2091,
      "accuracy": 0.34959349593495936
    }
  },
  "social_needs": {
    "precision": 0.6041369472182596,
    "recall": 0.77,
    "f1": 0.6770583533173461,
    "tp": 847,
    "fp": 555,
    "fn": 253,
    "tn": 1183,
    "correct": 2030,
    "total_instances": 2838,
    "accuracy": 0.715292459478506
  }
}