{
  "presence_per_label": {
    "0": {
      "precision": 0.6220472440944882,
      "recall": 0.21703296703296704,
      "f1": 0.3217922606924644,
      "tp": 79,
      "fp": 48,
      "fn": 285
    },
    "1": {
      "precision": 0.38345864661654133,
      "recall": 0.1536144578313253,
      "f1": 0.21935483870967742,
      "tp": 51,
      "fp": 82,
      "fn": 281
    },
    "2": {
      "precision": 0.31092436974789917,
      "recall": 0.2846153846153846,
      "f1": 0.29718875502008035,
      "tp": 37,
      "fp": 82,
      "fn": 93
    },
    "3": {
      "precision": 0.7183908045977011,
      "recall": 0.10305028854080792,
      "f1": 0.18024513338139872,
      "tp": 125,
      "fp": 49,
      "fn": 1088
    },
    "4": {
      "precision": 0.664179104477612,
      "recall": 0.19955156950672645,
      "f1": 0.3068965517241379,
      "tp": 89,
      "fp": 45,
      "fn": 357
    },
    "5": {
      "precision": 0.19090909090909092,
      "recall": 0.14285714285714285,
      "f1": 0.16342412451361868,
      "tp": 21,
      "fp": 89,
      "fn": 126
    },
    "6": {
      "precision": 0.27586206896551724,
      "recall": 0.35294117647058826,
      "f1": 0.3096774193548387,
      "tp": 24,
      "fp": 63,
      "fn": 44
    },
    "7": {
      "precision": 0.1839080459770115,
      "recall": 0.04040404040404041,
      "f1": 0.06625258799171843,
      "tp": 16,
      "fp": 71,
      "fn": 380
    },
    "8": {
      "precision": 0.5604395604395604,
      "recall": 0.11135371179039301,
      "f1": 0.18579234972677594,
      "tp": 51,
      "fp": 40,
      "fn": 407
    }
  },
  "stance_per_label": {
    "0": {
      "class_1": {
        "precision": 0.7090909090909091,
        "recall": 0.3577981651376147,
        "f1": 0.475609756097561
      },
      "class_-1": {
        "precision": 0.7916666666666666,
        "recall": 0.07450980392156863,
        "f1": 0.13620071684587814
      },
      "macro": {
        "precision": 0.7503787878787879,
        "recall": 0.21615398452959167,
        "f1": 0.3059052364717196
      }
    },
    "1": {
      "class_1": {
        "precision": 1.0,
        "recall": 0.12345679012345678,
        "f1": 0.21978021978021975
      },
      "class_-1": {
        "precision": 0.09090909090909091,
        "recall": 0.125,
        "f1": 0.10526315789473685
      },
      "macro": {
        "precision": 0.5454545454545454,
        "recall": 0.12422839506172839,
        "f1": 0.1625216888374783
      }
    },
    "2": {
      "class_1": {
        "precision": 0.9032258064516129,
        "recall": 0.3111111111111111,
        "f1": 0.46280991735537197
      },
      "class_-1": {
        "precision": 0.5,
        "recall": 0.075,
        "f1": 0.13043478260869565
      },
      "macro": {
        "precision": 0.7016129032258065,
        "recall": 0.19305555555555556,
        "f1": 0.2966223499820338
      }
    },
    "3": {
      "class_1": {
        "precision": 0.9761904761904762,
        "recall": 0.07295373665480427,
        "f1": 0.13576158940397354
      },
      "class_-1": {
        "precision": 0.17073170731707318,
        "recall": 0.07865168539325842,
        "f1": 0.10769230769230768
      },
      "macro": {
        "precision": 0.5734610917537747,
        "recall": 0.07580271102403136,
        "f1": 0.12172694854814062
      }
    },
    "4": {
      "class_1": {
        "precision": 0.9166666666666666,
        "recall": 0.14864864864864866,
        "f1": 0.2558139534883721
      },
      "class_-1": {
        "precision": 0.41379310344827586,
        "recall": 0.15789473684210525,
        "f1": 0.22857142857142856
      },
      "macro": {
        "precision": 0.6652298850574713,
        "recall": 0.15327169274537694,
        "f1": 0.24219269102990032
      }
    },
    "5": {
      "class_1": {
        "precision": 0.7857142857142857,
        "recall": 0.1,
        "f1": 0.1774193548387097
      },
      "class_-1": {
        "precision": 0.2857142857142857,
        "recall": 0.05405405405405406,
        "f1": 0.09090909090909091
      },
      "macro": {
        "precision": 0.5357142857142857,
        "recall": 0.07702702702702703,
        "f1": 0.13416422287390029
      }
    },
    "6": {
      "class_1": {
        "precision": 0.9411764705882353,
        "recall": 0.25,
        "f1": 0.3950617283950617
      },
      "class_-1": {
        "precision": 0.0,
        "recall": 0.0,
        "f1": 0.0
      },
      "macro": {
        "precision": 0.47058823529411764,
        "recall": 0.125,
        "f1": 0.19753086419753085
      }
    },
    "7": {
      "class_1": {
        "precision": 1.0,
        "recall": 0.012919896640826873,
        "f1": 0.025510204081632654
      },
      "class_-1": {
        "precision": 0.09090909090909091,
        "recall": 0.1111111111111111,
        "f1": 0.09999999999999999
      },
      "macro": {
        "precision": 0.5454545454545454,
        "recall": 0.06201550387596899,
        "f1": 0.06275510204081633
      }
    },
    "8": {
      "class_1": {
        "precision": 0.15384615384615385,
        "recall": 0.010869565217391304,
        "f1": 0.02030456852791878
      },
      "class_-1": {
        "precision": 0.9473684210526315,
        "recall": 0.13138686131386862,
        "f1": 0.23076923076923078
      },
      "macro": {
        "precision": 0.5506072874493927,
        "recall": 0.07112821326562996,
        "f1": 0.12553689964857478
      }
    }
  },
  "macro_averages": {
    "presence": {
      "precision": 0.43445765953615795,
      "recall": 0.17838008211659734,
      "f1": 0.2278471134571901
    },
    "stance": {
      "precision": 0.5931668408091919,
      "recall": 0.12196478700943444,
      "f1": 0.1832173337366772
    }
  }
}