{
  "presence_per_label": {
    "0": {
      "precision": 0.1856,
      "recall": 0.9586776859504132,
      "f1": 0.3109919571045577,
      "tp": 348,
      "fp": 1527,
      "fn": 15,
      "tn": 1552,
      "accuracy": 0.5520046484601976,
      "correct": 1900,
      "total_instances": 3442
    },
    "1": {
      "precision": 0.1619919862621637,
      "recall": 0.8549848942598187,
      "f1": 0.2723772858517805,
      "tp": 283,
      "fp": 1464,
      "fn": 48,
      "tn": 1647,
      "accuracy": 0.5607205113306217,
      "correct": 1930,
      "total_instances": 3442
    },
    "2": {
      "precision": 0.07205982324949015,
      "recall": 0.8153846153846154,
      "f1": 0.13241723922548407,
      "tp": 106,
      "fp": 1365,
      "fn": 24,
      "tn": 1947,
      "accuracy": 0.5964555490993608,
      "correct": 2053,
      "total_instances": 3442
    },
    "3": {
      "precision": 0.5205479452054794,
      "recall": 0.7530966143682907,
      "f1": 0.6155923050961863,
      "tp": 912,
      "fp": 840,
      "fn": 299,
      "tn": 1391,
      "accuracy": 0.6690877396862289,
      "correct": 2303,
      "total_instances": 3442
    },
    "4": {
      "precision": 0.26770538243626063,
      "recall": 0.8456375838926175,
      "f1": 0.40667025282409897,
      "tp": 378,
      "fp": 1034,
      "fn": 69,
      "tn": 1961,
      "accuracy": 0.6795467751307379,
      "correct": 2339,
      "total_instances": 3442
    },
    "5": {
      "precision": 0.06860158311345646,
      "recall": 0.7123287671232876,
      "f1": 0.12515042117930203,
      "tp": 104,
      "fp": 1412,
      "fn": 42,
      "tn": 1884,
      "accuracy": 0.5775711795467752,
      "correct": 1988,
      "total_instances": 3442
    },
    "6": {
      "precision": 0.061046511627906974,
      "recall": 0.9130434782608695,
      "f1": 0.11444141689373297,
      "tp": 63,
      "fp": 969,
      "fn": 6,
      "tn": 2404,
      "accuracy": 0.7167344567112144,
      "correct": 2467,
      "total_instances": 3442
    },
    "7": {
      "precision": 0.16467065868263472,
      "recall": 0.5583756345177665,
      "f1": 0.2543352601156069,
      "tp": 220,
      "fp": 1116,
      "fn": 174,
      "tn": 1932,
      "accuracy": 0.6252178965717606,
      "correct": 2152,
      "total_instances": 3442
    },
    "8": {
      "precision": 0.21234735413839892,
      "recall": 0.6804347826086956,
      "f1": 0.3236814891416753,
      "tp": 313,
      "fp": 1161,
      "fn": 147,
      "tn": 1821,
      "accuracy": 0.6199883788495061,
      "correct": 2134,
      "total_instances": 3442
    }
  },
  "stance_per_label": {
    "0": {
      "precision": 0.3242320819112628,
      "recall": 0.8796296296296297,
      "f1": 0.4738154613466334,
      "tp": 95,
      "fp": 198,
      "fn": 13,
      "tn": 57,
      "accuracy": 0.418732782369146,
      "correct": 152,
      "total_instances": 363
    },
    "1": {
      "precision": 0.9915254237288136,
      "recall": 0.7244582043343654,
      "f1": 0.8372093023255814,
      "tp": 234,
      "fp": 2,
      "fn": 89,
      "tn": 6,
      "accuracy": 0.7250755287009063,
      "correct": 240,
      "total_instances": 331
    },
    "2": {
      "precision": 0.7523809523809524,
      "recall": 0.8494623655913979,
      "f1": 0.7979797979797979,
      "tp": 79,
      "fp": 26,
      "fn": 14,
      "tn": 11,
      "accuracy": 0.6923076923076923,
      "correct": 90,
      "total_instances": 130
    },
    "3": {
      "precision": 0.9216182048040455,
      "recall": 0.6497326203208557,
      "f1": 0.7621536853110299,
      "tp": 729,
      "fp": 62,
      "fn": 393,
      "tn": 27,
      "accuracy": 0.6242774566473989,
      "correct": 756,
      "total_instances": 1211
    },
    "4": {
      "precision": 0.8745980707395499,
      "recall": 0.7391304347826086,
      "f1": 0.801178203240059,
      "tp": 272,
      "fp": 39,
      "fn": 96,
      "tn": 40,
      "accuracy": 0.697986577181208,
      "correct": 312,
      "total_instances": 447
    },
    "5": {
      "precision": 0.6813186813186813,
      "recall": 0.5636363636363636,
      "f1": 0.6169154228855721,
      "tp": 62,
      "fp": 29,
      "fn": 48,
      "tn": 7,
      "accuracy": 0.4726027397260274,
      "correct": 69,
      "total_instances": 146
    },
    "6": {
      "precision": 0.9387755102040817,
      "recall": 0.7076923076923077,
      "f1": 0.8070175438596492,
      "tp": 46,
      "fp": 3,
      "fn": 19,
      "tn": 1,
      "accuracy": 0.6811594202898551,
      "correct": 47,
      "total_instances": 69
    },
    "7": {
      "precision": 0.967479674796748,
      "recall": 0.3090909090909091,
      "f1": 0.46850393700787407,
      "tp": 119,
      "fp": 4,
      "fn": 266,
      "tn": 5,
      "accuracy": 0.3147208121827411,
      "correct": 124,
      "total_instances": 394
    },
    "8": {
      "precision": 0.4144736842105263,
      "recall": 0.6847826086956522,
      "f1": 0.5163934426229508,
      "tp": 126,
      "fp": 178,
      "fn": 58,
      "tn": 98,
      "accuracy": 0.48695652173913045,
      "correct": 224,
      "total_instances": 460
    }
  },
  "macro_averages": {
    "presence": {
      "precision": 0.19050791607953232,
      "recall": 0.7879960062629304,
      "f1": 0.28396195860360274,
      "tp": 2727,
      "fp": 10888,
      "tn": 16539,
      "fn": 824,
      "correct": 19266,
      "total_instances": 30978,
      "accuracy": 0.6219252372651559
    },
    "stance": {
      "precision": 0.7629335871216291,
      "recall": 0.6786239381971212,
      "f1": 0.6756851996199053,
      "tp": 1762,
      "fp": 541,
      "fn": 996,
      "tn": 252,
      "correct": 2014,
      "total_instances": 3551,
      "accuracy": 0.5671641791044776
    }
  },
  "social_needs": {
    "precision": 0.34243964421855144,
    "recall": 0.7475728155339806,
    "f1": 0.4697167755991285,
    "tp": 539,
    "fp": 1035,
    "fn": 182,
    "tn": 1686,
    "correct": 2225,
    "total_instances": 3442,
    "accuracy": 0.6464264962231261
  }
}