model_prompt,Employment_precision,Employment_recall,Employment_f1,Housing Instability_precision,Housing Instability_recall,Housing Instability_f1,Food Insecurity_precision,Food Insecurity_recall,Food Insecurity_f1,Financial Strain_precision,Financial Strain_recall,Financial Strain_f1,Transportation_precision,Transportation_recall,Transportation_f1,Childcare_precision,Childcare_recall,Childcare_f1,Substance Abuse_precision,Substance Abuse_recall,Substance Abuse_f1,Safety_precision,Safety_recall,Safety_f1,Permanency_precision,Permanency_recall,Permanency_f1,macro_precision,macro_recall,macro_f1
Llama-3.3-70B-Instruct_granular_1_shot,0.5451327433628319,0.9058823529411765,0.6806629834254145,0.5055187637969095,0.7508196721311475,0.604221635883905,0.15775034293552812,0.905511811023622,0.26869158878504673,0.6719310839913855,0.8110918544194108,0.7349823321554771,0.4308755760368664,0.9033816425120773,0.5834633385335414,0.19534883720930232,0.6176470588235294,0.2968197879858657,0.5825242718446602,0.9523809523809523,0.7228915662650602,0.5928571428571429,0.6467532467532467,0.6186335403726708,0.49503311258278143,0.696969696969697,0.5788964181994192,0.4641079860686009,0.7989375875505399,0.5654736879562667
