model_prompt,Employment_precision,Employment_recall,Employment_f1,Housing Instability_precision,Housing Instability_recall,Housing Instability_f1,Food Insecurity_precision,Food Insecurity_recall,Food Insecurity_f1,Financial Strain_precision,Financial Strain_recall,Financial Strain_f1,Transportation_precision,Transportation_recall,Transportation_f1,Childcare_precision,Childcare_recall,Childcare_f1,Substance Abuse_precision,Substance Abuse_recall,Substance Abuse_f1,Safety_precision,Safety_recall,Safety_f1,Permanency_precision,Permanency_recall,Permanency_f1,macro_precision,macro_recall,macro_f1
Llama-3.3-70B-Instruct_granular_1_shot,0.42788461538461536,0.8557692307692307,0.5705128205128205,0.9822222222222222,0.7391304347826086,0.8435114503816793,0.8247422680412371,0.9090909090909091,0.8648648648648649,0.952819332566168,0.771668219944082,0.8527291452111226,0.8737541528239202,0.7781065088757396,0.8231611893583725,0.7093023255813954,0.5980392156862745,0.648936170212766,1.0,0.7741935483870968,0.8727272727272727,0.9690265486725663,0.5793650793650794,0.7251655629139073,0.5055350553505535,0.7873563218390804,0.6157303370786518,0.8050318356269643,0.754746607637789,0.7574820903623842
