{
  "presence_per_label": {
    "0": {
      "precision": 0.5398671096345515,
      "recall": 0.9558823529411765,
      "f1": 0.6900212314225054,
      "tp": 325,
      "fp": 277,
      "fn": 15,
      "tn": 2679,
      "accuracy": 0.9114077669902912,
      "correct": 3004,
      "total_instances": 3296
    },
    "1": {
      "precision": 0.4178217821782178,
      "recall": 0.6918032786885245,
      "f1": 0.5209876543209876,
      "tp": 211,
      "fp": 294,
      "fn": 94,
      "tn": 2697,
      "accuracy": 0.8822815533980582,
      "correct": 2908,
      "total_instances": 3296
    },
    "2": {
      "precision": 0.14658385093167703,
      "recall": 0.9291338582677166,
      "f1": 0.25321888412017174,
      "tp": 118,
      "fp": 687,
      "fn": 9,
      "tn": 2482,
      "accuracy": 0.7888349514563107,
      "correct": 2600,
      "total_instances": 3296
    },
    "3": {
      "precision": 0.6850828729281768,
      "recall": 0.7521663778162911,
      "f1": 0.7170590665014458,
      "tp": 868,
      "fp": 399,
      "fn": 286,
      "tn": 1743,
      "accuracy": 0.7921723300970874,
      "correct": 2611,
      "total_instances": 3296
    },
    "4": {
      "precision": 0.41965317919075146,
      "recall": 0.8768115942028986,
      "f1": 0.5676309616888194,
      "tp": 363,
      "fp": 502,
      "fn": 51,
      "tn": 2380,
      "accuracy": 0.8322208737864077,
      "correct": 2743,
      "total_instances": 3296
    },
    "5": {
      "precision": 0.17479674796747968,
      "recall": 0.6323529411764706,
      "f1": 0.27388535031847133,
      "tp": 86,
      "fp": 406,
      "fn": 50,
      "tn": 2754,
      "accuracy": 0.8616504854368932,
      "correct": 2840,
      "total_instances": 3296
    },
    "6": {
      "precision": 0.29850746268656714,
      "recall": 0.9523809523809523,
      "f1": 0.45454545454545453,
      "tp": 60,
      "fp": 141,
      "fn": 3,
      "tn": 3092,
      "accuracy": 0.9563106796116505,
      "correct": 3152,
      "total_instances": 3296
    },
    "7": {
      "precision": 0.536779324055666,
      "recall": 0.7012987012987013,
      "f1": 0.6081081081081081,
      "tp": 270,
      "fp": 233,
      "fn": 115,
      "tn": 2678,
      "accuracy": 0.8944174757281553,
      "correct": 2948,
      "total_instances": 3296
    },
    "8": {
      "precision": 0.5006485084306096,
      "recall": 0.8997668997668997,
      "f1": 0.6433333333333333,
      "tp": 386,
      "fp": 385,
      "fn": 43,
      "tn": 2482,
      "accuracy": 0.8701456310679612,
      "correct": 2868,
      "total_instances": 3296
    }
  },
  "stance_per_label": {
    "0": {
      "precision": 0.4521276595744681,
      "recall": 0.8173076923076923,
      "f1": 0.5821917808219178,
      "tp": 85,
      "fp": 103,
      "fn": 19,
      "tn": 133,
      "accuracy": 0.6411764705882353,
      "correct": 218,
      "total_instances": 340
    },
    "1": {
      "precision": 0.9731543624161074,
      "recall": 0.48494983277591974,
      "f1": 0.6473214285714287,
      "tp": 145,
      "fp": 4,
      "fn": 154,
      "tn": 2,
      "accuracy": 0.4819672131147541,
      "correct": 147,
      "total_instances": 305
    },
    "2": {
      "precision": 0.8421052631578947,
      "recall": 0.9090909090909091,
      "f1": 0.8743169398907102,
      "tp": 80,
      "fp": 15,
      "fn": 8,
      "tn": 24,
      "accuracy": 0.8188976377952756,
      "correct": 104,
      "total_instances": 127
    },
    "3": {
      "precision": 0.9265402843601895,
      "recall": 0.7287977632805219,
      "f1": 0.8158581116327597,
      "tp": 782,
      "fp": 62,
      "fn": 291,
      "tn": 19,
      "accuracy": 0.6941074523396881,
      "correct": 801,
      "total_instances": 1154
    },
    "4": {
      "precision": 0.8767605633802817,
      "recall": 0.7366863905325444,
      "f1": 0.8006430868167203,
      "tp": 249,
      "fp": 35,
      "fn": 89,
      "tn": 41,
      "accuracy": 0.7004830917874396,
      "correct": 290,
      "total_instances": 414
    },
    "5": {
      "precision": 0.765625,
      "recall": 0.4803921568627451,
      "f1": 0.5903614457831325,
      "tp": 49,
      "fp": 15,
      "fn": 53,
      "tn": 19,
      "accuracy": 0.5,
      "correct": 68,
      "total_instances": 136
    },
    "6": {
      "precision": 1.0,
      "recall": 0.8709677419354839,
      "f1": 0.9310344827586207,
      "tp": 54,
      "fp": 0,
      "fn": 8,
      "tn": 1,
      "accuracy": 0.873015873015873,
      "correct": 55,
      "total_instances": 63
    },
    "7": {
      "precision": 0.9723320158102767,
      "recall": 0.6507936507936508,
      "f1": 0.779714738510301,
      "tp": 246,
      "fp": 7,
      "fn": 132,
      "tn": 0,
      "accuracy": 0.638961038961039,
      "correct": 246,
      "total_instances": 385
    },
    "8": {
      "precision": 0.7150537634408602,
      "recall": 0.764367816091954,
      "f1": 0.7388888888888889,
      "tp": 133,
      "fp": 53,
      "fn": 41,
      "tn": 202,
      "accuracy": 0.7808857808857809,
      "correct": 335,
      "total_instances": 429
    }
  },
  "macro_averages": {
    "presence": {
      "precision": 0.4133045375559663,
      "recall": 0.8212885507266257,
      "f1": 0.5254211160399219,
      "tp": 2687,
      "fp": 3324,
      "tn": 22987,
      "fn": 666,
      "correct": 25674,
      "total_instances": 29664,
      "accuracy": 0.8654935275080906
    },
    "stance": {
      "precision": 0.8359665457933421,
      "recall": 0.7159282170746024,
      "f1": 0.7511478781860533,
      "tp": 1823,
      "fp": 294,
      "fn": 795,
      "tn": 441,
      "correct": 2264,
      "total_instances": 3353,
      "accuracy": 0.6752162242767671
    }
  },
  "social_needs": {
    "precision": 0.49967170059093896,
    "recall": 0.8807870370370371,
    "f1": 0.6376204440720571,
    "tp": 761,
    "fp": 762,
    "fn": 103,
    "tn": 1670,
    "correct": 2431,
    "total_instances": 3296,
    "accuracy": 0.7375606796116505
  }
}
