{
  "presence_per_label": {
    "0": {
      "precision": 0.6666666666666666,
      "recall": 0.045454545454545456,
      "f1": 0.08510638297872342,
      "tp": 16,
      "fp": 8,
      "fn": 336,
      "tn": 3030
    },
    "1": {
      "precision": 0.5866666666666667,
      "recall": 0.13622291021671826,
      "f1": 0.22110552763819094,
      "tp": 44,
      "fp": 31,
      "fn": 279,
      "tn": 3036
    },
    "2": {
      "precision": 0.19230769230769232,
      "recall": 0.44,
      "f1": 0.26763990267639903,
      "tp": 55,
      "fp": 231,
      "fn": 70,
      "tn": 3034
    },
    "3": {
      "precision": 0.7995049504950495,
      "recall": 0.27419354838709675,
      "f1": 0.40834386852085963,
      "tp": 323,
      "fp": 81,
      "fn": 855,
      "tn": 2131
    },
    "4": {
      "precision": 0.6866952789699571,
      "recall": 0.38095238095238093,
      "f1": 0.4900459418070443,
      "tp": 160,
      "fp": 73,
      "fn": 260,
      "tn": 2897
    },
    "5": {
      "precision": 0.16037735849056603,
      "recall": 0.11888111888111888,
      "f1": 0.13654618473895583,
      "tp": 17,
      "fp": 89,
      "fn": 126,
      "tn": 3158
    },
    "6": {
      "precision": 0.7058823529411765,
      "recall": 0.4067796610169492,
      "f1": 0.5161290322580646,
      "tp": 24,
      "fp": 10,
      "fn": 35,
      "tn": 3321
    },
    "7": {
      "precision": 0.3333333333333333,
      "recall": 0.02099737532808399,
      "f1": 0.03950617283950617,
      "tp": 8,
      "fp": 16,
      "fn": 373,
      "tn": 2993
    },
    "8": {
      "precision": 0.5652173913043478,
      "recall": 0.029748283752860413,
      "f1": 0.05652173913043478,
      "tp": 13,
      "fp": 10,
      "fn": 424,
      "tn": 2943
    }
  },
  "stance_per_label": {
    "0": {
      "class_1": {
        "precision": 0.5384615384615384,
        "recall": 0.06862745098039216,
        "f1": 0.12173913043478261
      },
      "class_-1": {
        "precision": 0.3333333333333333,
        "recall": 0.004,
        "f1": 0.007905138339920948
      },
      "macro": {
        "precision": 0.4358974358974359,
        "recall": 0.03631372549019608,
        "f1": 0.06482213438735178
      }
    },
    "1": {
      "class_1": {
        "precision": 1.0,
        "recall": 0.12698412698412698,
        "f1": 0.22535211267605632
      },
      "class_-1": {
        "precision": 0.25,
        "recall": 0.125,
        "f1": 0.16666666666666666
      },
      "macro": {
        "precision": 0.625,
        "recall": 0.1259920634920635,
        "f1": 0.1960093896713615
      }
    },
    "2": {
      "class_1": {
        "precision": 0.8867924528301887,
        "recall": 0.5280898876404494,
        "f1": 0.6619718309859155
      },
      "class_-1": {
        "precision": 0.0,
        "recall": 0.0,
        "f1": 0.0
      },
      "macro": {
        "precision": 0.44339622641509435,
        "recall": 0.2640449438202247,
        "f1": 0.33098591549295775
      }
    },
    "3": {
      "class_1": {
        "precision": 0.9866666666666667,
        "recall": 0.27056672760511885,
        "f1": 0.4246771879483501
      },
      "class_-1": {
        "precision": 0.043478260869565216,
        "recall": 0.011904761904761904,
        "f1": 0.018691588785046728
      },
      "macro": {
        "precision": 0.515072463768116,
        "recall": 0.14123574475494038,
        "f1": 0.2216843883666984
      }
    },
    "4": {
      "class_1": {
        "precision": 0.8978102189781022,
        "recall": 0.35755813953488375,
        "f1": 0.5114345114345115
      },
      "class_-1": {
        "precision": 0.30434782608695654,
        "recall": 0.09210526315789473,
        "f1": 0.1414141414141414
      },
      "macro": {
        "precision": 0.6010790225325293,
        "recall": 0.22483170134638925,
        "f1": 0.32642432642432645
      }
    },
    "5": {
      "class_1": {
        "precision": 0.7692307692307693,
        "recall": 0.09433962264150944,
        "f1": 0.16806722689075632
      },
      "class_-1": {
        "precision": 0.5,
        "recall": 0.05405405405405406,
        "f1": 0.0975609756097561
      },
      "macro": {
        "precision": 0.6346153846153846,
        "recall": 0.07419683834778175,
        "f1": 0.13281410125025622
      }
    },
    "6": {
      "class_1": {
        "precision": 0.9047619047619048,
        "recall": 0.34545454545454546,
        "f1": 0.5
      },
      "class_-1": {
        "precision": 0.0,
        "recall": 0.0,
        "f1": 0.0
      },
      "macro": {
        "precision": 0.4523809523809524,
        "recall": 0.17272727272727273,
        "f1": 0.25
      }
    },
    "7": {
      "class_1": {
        "precision": 1.0,
        "recall": 0.016129032258064516,
        "f1": 0.031746031746031744
      },
      "class_-1": {
        "precision": 0.0,
        "recall": 0.0,
        "f1": 0.0
      },
      "macro": {
        "precision": 0.5,
        "recall": 0.008064516129032258,
        "f1": 0.015873015873015872
      }
    },
    "8": {
      "class_1": {
        "precision": 1.0,
        "recall": 0.05,
        "f1": 0.09523809523809523
      },
      "class_-1": {
        "precision": 1.0,
        "recall": 0.01556420233463035,
        "f1": 0.030651340996168584
      },
      "macro": {
        "precision": 1.0,
        "recall": 0.03278210116731518,
        "f1": 0.06294471811713191
      }
    }
  },
  "macro_averages": {
    "presence": {
      "precision": 0.521850187908384,
      "recall": 0.20591442488775044,
      "f1": 0.24677163917646425
    },
    "stance": {
      "precision": 0.5786046095121681,
      "recall": 0.12002098969724623,
      "f1": 0.17795088773145554
    }
  },
  "overall_totals": {
    "total_tp": 660,
    "total_fp": 549,
    "total_tn": 26543,
    "total_fn": 2758,
    "total_instances": 30510,
    "overall_accuracy": 0.8916093084234678
  }
}