{
  "presence_per_label": {
    "0": {
      "precision": 0.5927927927927928,
      "recall": 0.8891891891891892,
      "f1": 0.7113513513513513,
      "tp": 329,
      "fp": 226,
      "fn": 41,
      "tn": 2860,
      "accuracy": 0.9227430555555556,
      "correct": 3189,
      "total_instances": 3456
    },
    "1": {
      "precision": 0.39514978601997147,
      "recall": 0.8318318318318318,
      "f1": 0.5357833655705996,
      "tp": 277,
      "fp": 424,
      "fn": 56,
      "tn": 2699,
      "accuracy": 0.8611111111111112,
      "correct": 2976,
      "total_instances": 3456
    },
    "2": {
      "precision": 0.1308411214953271,
      "recall": 0.9473684210526315,
      "f1": 0.22992700729927007,
      "tp": 126,
      "fp": 837,
      "fn": 7,
      "tn": 2486,
      "accuracy": 0.7557870370370371,
      "correct": 2612,
      "total_instances": 3456
    },
    "3": {
      "precision": 0.7322987390882638,
      "recall": 0.6193601312551271,
      "f1": 0.6711111111111111,
      "tp": 755,
      "fp": 276,
      "fn": 464,
      "tn": 1961,
      "accuracy": 0.7858796296296297,
      "correct": 2716,
      "total_instances": 3456
    },
    "4": {
      "precision": 0.43366093366093367,
      "recall": 0.7809734513274337,
      "f1": 0.5576619273301737,
      "tp": 353,
      "fp": 461,
      "fn": 99,
      "tn": 2543,
      "accuracy": 0.8379629629629629,
      "correct": 2896,
      "total_instances": 3456
    },
    "5": {
      "precision": 0.16206261510128914,
      "recall": 0.5986394557823129,
      "f1": 0.25507246376811593,
      "tp": 88,
      "fp": 455,
      "fn": 59,
      "tn": 2854,
      "accuracy": 0.8512731481481481,
      "correct": 2942,
      "total_instances": 3456
    },
    "6": {
      "precision": 0.1675,
      "recall": 0.9710144927536232,
      "f1": 0.2857142857142857,
      "tp": 67,
      "fp": 333,
      "fn": 2,
      "tn": 3054,
      "accuracy": 0.9030671296296297,
      "correct": 3121,
      "total_instances": 3456
    },
    "7": {
      "precision": 0.5040485829959515,
      "recall": 0.6256281407035176,
      "f1": 0.5582959641255605,
      "tp": 249,
      "fp": 245,
      "fn": 149,
      "tn": 2813,
      "accuracy": 0.8859953703703703,
      "correct": 3062,
      "total_instances": 3456
    },
    "8": {
      "precision": 0.49385749385749383,
      "recall": 0.8663793103448276,
      "f1": 0.6291079812206574,
      "tp": 402,
      "fp": 412,
      "fn": 62,
      "tn": 2580,
      "accuracy": 0.8628472222222222,
      "correct": 2982,
      "total_instances": 3456
    }
  },
  "stance_per_label": {
    "0": {
      "precision": 0.31545741324921134,
      "recall": 0.9009009009009009,
      "f1": 0.4672897196261682,
      "tp": 100,
      "fp": 217,
      "fn": 11,
      "tn": 42,
      "accuracy": 0.3837837837837838,
      "correct": 142,
      "total_instances": 370
    },
    "1": {
      "precision": 0.9949238578680203,
      "recall": 0.6030769230769231,
      "f1": 0.7509578544061303,
      "tp": 196,
      "fp": 1,
      "fn": 129,
      "tn": 7,
      "accuracy": 0.6096096096096096,
      "correct": 203,
      "total_instances": 333
    },
    "2": {
      "precision": 0.82,
      "recall": 0.8817204301075269,
      "f1": 0.849740932642487,
      "tp": 82,
      "fp": 18,
      "fn": 11,
      "tn": 22,
      "accuracy": 0.7819548872180451,
      "correct": 104,
      "total_instances": 133
    },
    "3": {
      "precision": 0.8938826466916354,
      "recall": 0.6336283185840708,
      "f1": 0.7415846711548421,
      "tp": 716,
      "fp": 85,
      "fn": 414,
      "tn": 4,
      "accuracy": 0.5906480721903199,
      "correct": 720,
      "total_instances": 1219
    },
    "4": {
      "precision": 0.8253012048192772,
      "recall": 0.7365591397849462,
      "f1": 0.7784090909090909,
      "tp": 274,
      "fp": 58,
      "fn": 98,
      "tn": 22,
      "accuracy": 0.6548672566371682,
      "correct": 296,
      "total_instances": 452
    },
    "5": {
      "precision": 0.6804123711340206,
      "recall": 0.6,
      "f1": 0.6376811594202899,
      "tp": 66,
      "fp": 31,
      "fn": 44,
      "tn": 6,
      "accuracy": 0.4897959183673469,
      "correct": 72,
      "total_instances": 147
    },
    "6": {
      "precision": 0.9682539682539683,
      "recall": 0.9384615384615385,
      "f1": 0.953125,
      "tp": 61,
      "fp": 2,
      "fn": 4,
      "tn": 2,
      "accuracy": 0.9130434782608695,
      "correct": 63,
      "total_instances": 69
    },
    "7": {
      "precision": 0.967741935483871,
      "recall": 0.6169665809768637,
      "f1": 0.7535321821036107,
      "tp": 240,
      "fp": 8,
      "fn": 149,
      "tn": 1,
      "accuracy": 0.6055276381909548,
      "correct": 241,
      "total_instances": 398
    },
    "8": {
      "precision": 0.5880149812734082,
      "recall": 0.8532608695652174,
      "f1": 0.6962305986696231,
      "tp": 157,
      "fp": 110,
      "fn": 27,
      "tn": 170,
      "accuracy": 0.7047413793103449,
      "correct": 327,
      "total_instances": 464
    }
  },
  "macro_averages": {
    "presence": {
      "precision": 0.401356896112447,
      "recall": 0.7922649360267217,
      "f1": 0.49266949527679166,
      "tp": 2646,
      "fp": 3669,
      "tn": 23850,
      "fn": 939,
      "correct": 26496,
      "total_instances": 31104,
      "accuracy": 0.8518518518518519
    },
    "stance": {
      "precision": 0.7837764865303792,
      "recall": 0.7516194112731097,
      "f1": 0.7365056898813601,
      "tp": 1892,
      "fp": 530,
      "fn": 887,
      "tn": 276,
      "correct": 2168,
      "total_instances": 3585,
      "accuracy": 0.604741980474198
    }
  },
  "social_needs": {
    "precision": 0.558581380620646,
    "recall": 0.8464491362763915,
    "f1": 0.6730255627623044,
    "tp": 882,
    "fp": 697,
    "fn": 160,
    "tn": 1717,
    "correct": 2599,
    "total_instances": 3456,
    "accuracy": 0.7520254629629629
  }
}
