{
  "presence_per_label": {
    "0": {
      "precision": 0.6666666666666666,
      "recall": 0.033707865168539325,
      "f1": 0.06417112299465241,
      "tp": 12,
      "fp": 6,
      "fn": 344
    },
    "1": {
      "precision": 0.5882352941176471,
      "recall": 0.2153846153846154,
      "f1": 0.31531531531531537,
      "tp": 70,
      "fp": 49,
      "fn": 255
    },
    "2": {
      "precision": 0.2964824120603015,
      "recall": 0.46825396825396826,
      "f1": 0.36307692307692313,
      "tp": 59,
      "fp": 140,
      "fn": 67
    },
    "3": {
      "precision": 0.7543859649122807,
      "recall": 0.43544303797468353,
      "f1": 0.5521669341894061,
      "tp": 516,
      "fp": 168,
      "fn": 669
    },
    "4": {
      "precision": 0.7083333333333334,
      "recall": 0.3686746987951807,
      "f1": 0.4849445324881142,
      "tp": 153,
      "fp": 63,
      "fn": 262
    },
    "5": {
      "precision": 0.23170731707317074,
      "recall": 0.1366906474820144,
      "f1": 0.17194570135746606,
      "tp": 19,
      "fp": 63,
      "fn": 120
    },
    "6": {
      "precision": 0.627906976744186,
      "recall": 0.421875,
      "f1": 0.5046728971962616,
      "tp": 27,
      "fp": 16,
      "fn": 37
    },
    "7": {
      "precision": 0.475,
      "recall": 0.04922279792746114,
      "f1": 0.08920187793427231,
      "tp": 19,
      "fp": 21,
      "fn": 367
    },
    "8": {
      "precision": 0.7,
      "recall": 0.03139013452914798,
      "f1": 0.060085836909871244,
      "tp": 14,
      "fp": 6,
      "fn": 432
    }
  },
  "stance_per_label": {
    "0": {
      "class_1": {
        "precision": 0.6666666666666666,
        "recall": 0.05660377358490566,
        "f1": 0.10434782608695653
      },
      "class_-1": {
        "precision": 0.3333333333333333,
        "recall": 0.004,
        "f1": 0.007905138339920948
      },
      "macro": {
        "precision": 0.5,
        "recall": 0.030301886792452833,
        "f1": 0.05612648221343874
      }
    },
    "1": {
      "class_1": {
        "precision": 1.0,
        "recall": 0.1829652996845426,
        "f1": 0.30933333333333335
      },
      "class_-1": {
        "precision": 0.0,
        "recall": 0.0,
        "f1": 0.0
      },
      "macro": {
        "precision": 0.5,
        "recall": 0.0914826498422713,
        "f1": 0.15466666666666667
      }
    },
    "2": {
      "class_1": {
        "precision": 0.9259259259259259,
        "recall": 0.5494505494505495,
        "f1": 0.6896551724137931
      },
      "class_-1": {
        "precision": 0.2,
        "recall": 0.02857142857142857,
        "f1": 0.049999999999999996
      },
      "macro": {
        "precision": 0.562962962962963,
        "recall": 0.28901098901098904,
        "f1": 0.3698275862068966
      }
    },
    "3": {
      "class_1": {
        "precision": 0.9554140127388535,
        "recall": 0.4087193460490463,
        "f1": 0.5725190839694656
      },
      "class_-1": {
        "precision": 0.022222222222222223,
        "recall": 0.011904761904761904,
        "f1": 0.015503875968992248
      },
      "macro": {
        "precision": 0.4888181174805379,
        "recall": 0.2103120539769041,
        "f1": 0.29401147996922894
      }
    },
    "4": {
      "class_1": {
        "precision": 0.9029126213592233,
        "recall": 0.2735294117647059,
        "f1": 0.4198645598194132
      },
      "class_-1": {
        "precision": 0.16,
        "recall": 0.10666666666666667,
        "f1": 0.128
      },
      "macro": {
        "precision": 0.5314563106796116,
        "recall": 0.1900980392156863,
        "f1": 0.2739322799097066
      }
    },
    "5": {
      "class_1": {
        "precision": 0.8666666666666667,
        "recall": 0.1262135922330097,
        "f1": 0.22033898305084748
      },
      "class_-1": {
        "precision": 0.25,
        "recall": 0.027777777777777776,
        "f1": 0.049999999999999996
      },
      "macro": {
        "precision": 0.5583333333333333,
        "recall": 0.07699568500539375,
        "f1": 0.13516949152542374
      }
    },
    "6": {
      "class_1": {
        "precision": 1.0,
        "recall": 0.3,
        "f1": 0.4615384615384615
      },
      "class_-1": {
        "precision": 0.1111111111111111,
        "recall": 0.25,
        "f1": 0.15384615384615383
      },
      "macro": {
        "precision": 0.5555555555555556,
        "recall": 0.275,
        "f1": 0.30769230769230765
      }
    },
    "7": {
      "class_1": {
        "precision": 1.0,
        "recall": 0.037037037037037035,
        "f1": 0.07142857142857142
      },
      "class_-1": {
        "precision": 0.0,
        "recall": 0.0,
        "f1": 0.0
      },
      "macro": {
        "precision": 0.5,
        "recall": 0.018518518518518517,
        "f1": 0.03571428571428571
      }
    },
    "8": {
      "class_1": {
        "precision": 0.9,
        "recall": 0.049723756906077346,
        "f1": 0.09424083769633508
      },
      "class_-1": {
        "precision": 0.25,
        "recall": 0.0037735849056603774,
        "f1": 0.007434944237918215
      },
      "macro": {
        "precision": 0.575,
        "recall": 0.02674867090586886,
        "f1": 0.050837890967126646
      }
    }
  },
  "macro_averages": {
    "presence": {
      "precision": 0.5609686627675097,
      "recall": 0.24007141839062346,
      "f1": 0.2895090157180314
    },
    "stance": {
      "precision": 0.5302362533346668,
      "recall": 0.13427427702978723,
      "f1": 0.18644205231834238
    }
  }
}