{
  "presence_per_label": {
    "0": {
      "precision": 0.5528846153846154,
      "recall": 0.6216216216216216,
      "f1": 0.5852417302798982,
      "tp": 230,
      "fp": 186,
      "fn": 140,
      "tn": 2900,
      "accuracy": 0.9056712962962963,
      "correct": 3130,
      "total_instances": 3456
    },
    "1": {
      "precision": 0.44861337683523655,
      "recall": 0.8258258258258259,
      "f1": 0.5813953488372093,
      "tp": 275,
      "fp": 338,
      "fn": 58,
      "tn": 2785,
      "accuracy": 0.8854166666666666,
      "correct": 3060,
      "total_instances": 3456
    },
    "2": {
      "precision": 0.14122137404580154,
      "recall": 0.8345864661654135,
      "f1": 0.24156692056583243,
      "tp": 111,
      "fp": 675,
      "fn": 22,
      "tn": 2648,
      "accuracy": 0.7983217592592593,
      "correct": 2759,
      "total_instances": 3456
    },
    "3": {
      "precision": 0.6944074567243675,
      "recall": 0.8556193601312552,
      "f1": 0.766629915472253,
      "tp": 1043,
      "fp": 459,
      "fn": 176,
      "tn": 1778,
      "accuracy": 0.8162615740740741,
      "correct": 2821,
      "total_instances": 3456
    },
    "4": {
      "precision": 0.4549763033175355,
      "recall": 0.8495575221238938,
      "f1": 0.5925925925925926,
      "tp": 384,
      "fp": 460,
      "fn": 68,
      "tn": 2544,
      "accuracy": 0.8472222222222222,
      "correct": 2928,
      "total_instances": 3456
    },
    "5": {
      "precision": 0.22311827956989247,
      "recall": 0.564625850340136,
      "f1": 0.3198458574181117,
      "tp": 83,
      "fp": 289,
      "fn": 64,
      "tn": 3020,
      "accuracy": 0.8978587962962963,
      "correct": 3103,
      "total_instances": 3456
    },
    "6": {
      "precision": 0.31100478468899523,
      "recall": 0.9420289855072463,
      "f1": 0.4676258992805756,
      "tp": 65,
      "fp": 144,
      "fn": 4,
      "tn": 3243,
      "accuracy": 0.9571759259259259,
      "correct": 3308,
      "total_instances": 3456
    },
    "7": {
      "precision": 0.532967032967033,
      "recall": 0.48743718592964824,
      "f1": 0.5091863517060367,
      "tp": 194,
      "fp": 170,
      "fn": 204,
      "tn": 2888,
      "accuracy": 0.8917824074074074,
      "correct": 3082,
      "total_instances": 3456
    },
    "8": {
      "precision": 0.47714808043875684,
      "recall": 0.5625,
      "f1": 0.516320474777448,
      "tp": 261,
      "fp": 286,
      "fn": 203,
      "tn": 2706,
      "accuracy": 0.8585069444444444,
      "correct": 2967,
      "total_instances": 3456
    }
  },
  "stance_per_label": {
    "0": {
      "precision": 0.28,
      "recall": 0.8198198198198198,
      "f1": 0.4174311926605505,
      "tp": 91,
      "fp": 234,
      "fn": 20,
      "tn": 25,
      "accuracy": 0.31351351351351353,
      "correct": 116,
      "total_instances": 370
    },
    "1": {
      "precision": 0.9881889763779528,
      "recall": 0.7723076923076924,
      "f1": 0.8670120898100173,
      "tp": 251,
      "fp": 3,
      "fn": 74,
      "tn": 5,
      "accuracy": 0.7687687687687688,
      "correct": 256,
      "total_instances": 333
    },
    "2": {
      "precision": 0.7130434782608696,
      "recall": 0.8817204301075269,
      "f1": 0.7884615384615384,
      "tp": 82,
      "fp": 33,
      "fn": 11,
      "tn": 7,
      "accuracy": 0.6691729323308271,
      "correct": 89,
      "total_instances": 133
    },
    "3": {
      "precision": 0.9225621414913958,
      "recall": 0.8539823008849557,
      "f1": 0.8869485294117648,
      "tp": 965,
      "fp": 81,
      "fn": 165,
      "tn": 8,
      "accuracy": 0.7981952420016407,
      "correct": 973,
      "total_instances": 1219
    },
    "4": {
      "precision": 0.8447368421052631,
      "recall": 0.8629032258064516,
      "f1": 0.8537234042553191,
      "tp": 321,
      "fp": 59,
      "fn": 51,
      "tn": 21,
      "accuracy": 0.7566371681415929,
      "correct": 342,
      "total_instances": 452
    },
    "5": {
      "precision": 0.6442307692307693,
      "recall": 0.6090909090909091,
      "f1": 0.6261682242990654,
      "tp": 67,
      "fp": 37,
      "fn": 43,
      "tn": 0,
      "accuracy": 0.4557823129251701,
      "correct": 67,
      "total_instances": 147
    },
    "6": {
      "precision": 0.9491525423728814,
      "recall": 0.8615384615384616,
      "f1": 0.903225806451613,
      "tp": 56,
      "fp": 3,
      "fn": 9,
      "tn": 1,
      "accuracy": 0.8260869565217391,
      "correct": 57,
      "total_instances": 69
    },
    "7": {
      "precision": 0.9587628865979382,
      "recall": 0.4781491002570694,
      "f1": 0.6380789022298456,
      "tp": 186,
      "fp": 8,
      "fn": 203,
      "tn": 1,
      "accuracy": 0.46984924623115576,
      "correct": 187,
      "total_instances": 398
    },
    "8": {
      "precision": 0.3893129770992366,
      "recall": 0.8315217391304348,
      "f1": 0.5303292894280762,
      "tp": 153,
      "fp": 240,
      "fn": 31,
      "tn": 40,
      "accuracy": 0.41594827586206895,
      "correct": 193,
      "total_instances": 464
    }
  },
  "macro_averages": {
    "presence": {
      "precision": 0.4262601448858037,
      "recall": 0.7270892019605601,
      "f1": 0.5089338989922175,
      "tp": 2646,
      "fp": 3007,
      "tn": 24512,
      "fn": 939,
      "correct": 27158,
      "total_instances": 31104,
      "accuracy": 0.8731352880658436
    },
    "stance": {
      "precision": 0.743332290392923,
      "recall": 0.774559297660369,
      "f1": 0.7234865530008656,
      "tp": 2172,
      "fp": 698,
      "fn": 607,
      "tn": 108,
      "correct": 2280,
      "total_instances": 3585,
      "accuracy": 0.6359832635983264
    }
  },
  "social_needs": {
    "precision": 0.5528815706143129,
    "recall": 0.8567222767419038,
    "f1": 0.6720554272517321,
    "tp": 873,
    "fp": 706,
    "fn": 146,
    "tn": 1731,
    "correct": 2604,
    "total_instances": 3456,
    "accuracy": 0.7534722222222222
  }
}
