{
  "presence_per_label": {
    "0": {
      "precision": 0.5451327433628319,
      "recall": 0.9058823529411765,
      "f1": 0.6806629834254145,
      "tp": 308,
      "fp": 257,
      "fn": 32,
      "tn": 2699,
      "accuracy": 0.9123179611650486,
      "correct": 3007,
      "total_instances": 3296
    },
    "1": {
      "precision": 0.5055187637969095,
      "recall": 0.7508196721311475,
      "f1": 0.604221635883905,
      "tp": 229,
      "fp": 224,
      "fn": 76,
      "tn": 2767,
      "accuracy": 0.9089805825242718,
      "correct": 2996,
      "total_instances": 3296
    },
    "2": {
      "precision": 0.15775034293552812,
      "recall": 0.905511811023622,
      "f1": 0.26869158878504673,
      "tp": 115,
      "fp": 614,
      "fn": 12,
      "tn": 2555,
      "accuracy": 0.8100728155339806,
      "correct": 2670,
      "total_instances": 3296
    },
    "3": {
      "precision": 0.6719310839913855,
      "recall": 0.8110918544194108,
      "f1": 0.7349823321554771,
      "tp": 936,
      "fp": 457,
      "fn": 218,
      "tn": 1685,
      "accuracy": 0.7952063106796117,
      "correct": 2621,
      "total_instances": 3296
    },
    "4": {
      "precision": 0.4308755760368664,
      "recall": 0.9033816425120773,
      "f1": 0.5834633385335414,
      "tp": 374,
      "fp": 494,
      "fn": 40,
      "tn": 2388,
      "accuracy": 0.8379854368932039,
      "correct": 2762,
      "total_instances": 3296
    },
    "5": {
      "precision": 0.19534883720930232,
      "recall": 0.6176470588235294,
      "f1": 0.2968197879858657,
      "tp": 84,
      "fp": 346,
      "fn": 52,
      "tn": 2814,
      "accuracy": 0.879247572815534,
      "correct": 2898,
      "total_instances": 3296
    },
    "6": {
      "precision": 0.5825242718446602,
      "recall": 0.9523809523809523,
      "f1": 0.7228915662650602,
      "tp": 60,
      "fp": 43,
      "fn": 3,
      "tn": 3190,
      "accuracy": 0.9860436893203883,
      "correct": 3250,
      "total_instances": 3296
    },
    "7": {
      "precision": 0.5928571428571429,
      "recall": 0.6467532467532467,
      "f1": 0.6186335403726708,
      "tp": 249,
      "fp": 171,
      "fn": 136,
      "tn": 2740,
      "accuracy": 0.9068567961165048,
      "correct": 2989,
      "total_instances": 3296
    },
    "8": {
      "precision": 0.49503311258278143,
      "recall": 0.696969696969697,
      "f1": 0.5788964181994192,
      "tp": 299,
      "fp": 305,
      "fn": 130,
      "tn": 2562,
      "accuracy": 0.8680218446601942,
      "correct": 2861,
      "total_instances": 3296
    }
  },
  "stance_per_label": {
    "0": {
      "precision": 0.42788461538461536,
      "recall": 0.8557692307692307,
      "f1": 0.5705128205128205,
      "tp": 89,
      "fp": 119,
      "fn": 15,
      "tn": 117,
      "accuracy": 0.6058823529411764,
      "correct": 206,
      "total_instances": 340
    },
    "1": {
      "precision": 0.9822222222222222,
      "recall": 0.7391304347826086,
      "f1": 0.8435114503816793,
      "tp": 221,
      "fp": 4,
      "fn": 78,
      "tn": 2,
      "accuracy": 0.7311475409836066,
      "correct": 223,
      "total_instances": 305
    },
    "2": {
      "precision": 0.8247422680412371,
      "recall": 0.9090909090909091,
      "f1": 0.8648648648648649,
      "tp": 80,
      "fp": 17,
      "fn": 8,
      "tn": 22,
      "accuracy": 0.8031496062992126,
      "correct": 102,
      "total_instances": 127
    },
    "3": {
      "precision": 0.952819332566168,
      "recall": 0.771668219944082,
      "f1": 0.8527291452111226,
      "tp": 828,
      "fp": 41,
      "fn": 245,
      "tn": 40,
      "accuracy": 0.7521663778162911,
      "correct": 868,
      "total_instances": 1154
    },
    "4": {
      "precision": 0.8737541528239202,
      "recall": 0.7781065088757396,
      "f1": 0.8231611893583725,
      "tp": 263,
      "fp": 38,
      "fn": 75,
      "tn": 38,
      "accuracy": 0.7270531400966184,
      "correct": 301,
      "total_instances": 414
    },
    "5": {
      "precision": 0.7093023255813954,
      "recall": 0.5980392156862745,
      "f1": 0.648936170212766,
      "tp": 61,
      "fp": 25,
      "fn": 41,
      "tn": 9,
      "accuracy": 0.5147058823529411,
      "correct": 70,
      "total_instances": 136
    },
    "6": {
      "precision": 1.0,
      "recall": 0.7741935483870968,
      "f1": 0.8727272727272727,
      "tp": 48,
      "fp": 0,
      "fn": 14,
      "tn": 1,
      "accuracy": 0.7777777777777778,
      "correct": 49,
      "total_instances": 63
    },
    "7": {
      "precision": 0.9690265486725663,
      "recall": 0.5793650793650794,
      "f1": 0.7251655629139073,
      "tp": 219,
      "fp": 7,
      "fn": 159,
      "tn": 0,
      "accuracy": 0.5688311688311688,
      "correct": 219,
      "total_instances": 385
    },
    "8": {
      "precision": 0.5055350553505535,
      "recall": 0.7873563218390804,
      "f1": 0.6157303370786518,
      "tp": 137,
      "fp": 134,
      "fn": 37,
      "tn": 121,
      "accuracy": 0.6013986013986014,
      "correct": 258,
      "total_instances": 429
    }
  },
  "macro_averages": {
    "presence": {
      "precision": 0.4641079860686009,
      "recall": 0.7989375875505399,
      "f1": 0.5654736879562667,
      "tp": 2654,
      "fp": 2911,
      "tn": 23400,
      "fn": 699,
      "correct": 26054,
      "total_instances": 29664,
      "accuracy": 0.8783036677454154
    },
    "stance": {
      "precision": 0.8050318356269643,
      "recall": 0.754746607637789,
      "f1": 0.7574820903623842,
      "tp": 1946,
      "fp": 385,
      "fn": 672,
      "tn": 350,
      "correct": 2296,
      "total_instances": 3353,
      "accuracy": 0.6847599164926931
    }
  },
  "social_needs": {
    "precision": 0.4983585029546947,
    "recall": 0.905727923627685,
    "f1": 0.6429479034307497,
    "tp": 759,
    "fp": 764,
    "fn": 79,
    "tn": 1694,
    "correct": 2453,
    "total_instances": 3296,
    "accuracy": 0.7442354368932039
  }
}
